"Time (s)","Linear Acceleration x (m/s^2)","Linear Acceleration y (m/s^2)","Linear Acceleration z (m/s^2)","Absolute acceleration (m/s^2)"
4.522169000E-2,8.244200051E-2,-4.406270087E-1,-5.408599973E-2,4.515242403E-1
5.023330500E-2,3.478130102E-1,-3.768369853E-1,2.511140108E-1,5.709975920E-1
5.524444100E-2,1.810500026E-1,-3.371559978E-1,2.063309997E-1,4.347709186E-1
6.025605400E-2,1.309179962E-1,-3.808329999E-1,3.069489896E-1,5.063506471E-1
6.526744100E-2,1.125290021E-1,-3.910779953E-1,3.053880036E-1,5.087893547E-1
7.027882600E-2,8.775299788E-2,-3.631289899E-1,3.023340106E-1,4.805924531E-1
7.529022400E-2,5.226600170E-2,-3.424470127E-1,2.976830006E-1,4.567459472E-1
8.030160900E-2,8.706999943E-3,-3.028239906E-1,2.731890082E-1,4.079343272E-1
8.531299400E-2,-5.615999922E-3,-2.656889856E-1,2.734130025E-1,3.812831578E-1
9.032437300E-2,-2.168500051E-2,-2.216989994E-1,2.283100039E-1,3.189767130E-1
9.533575800E-2,-2.105800062E-2,-1.928559989E-1,6.471300125E-2,2.045107533E-1
1.003471560E-1,3.119999892E-4,-1.524509937E-1,-1.452900004E-2,1.531420734E-1
1.053586160E-1,1.628700085E-2,-1.265860051E-1,-4.695000127E-2,1.359911236E-1
1.103699940E-1,3.180599958E-2,-1.272249967E-1,-8.994500339E-2,1.590217753E-1
1.153813780E-1,4.224999994E-2,-1.423660070E-1,-1.222940013E-1,1.923771431E-1
1.203927620E-1,5.698499829E-2,-1.599529982E-1,-1.398590058E-1,2.199836202E-1
1.254043750E-1,6.658899784E-2,-1.728270054E-1,-1.591980010E-1,2.442279099E-1
1.304155210E-1,8.055099845E-2,-1.689330041E-1,-1.571609974E-1,2.443898573E-1
1.354271350E-1,8.726599813E-2,-1.745930016E-1,-1.551990062E-1,2.493688075E-1
1.404383000E-1,7.981500030E-2,-1.898500025E-1,-1.697629988E-1,2.668949859E-1
1.454496830E-1,6.801600009E-2,-2.194669992E-1,-1.794590056E-1,2.915432638E-1
1.504612830E-1,7.732199878E-2,-2.299029976E-1,-1.774629951E-1,3.005448293E-1
1.554726700E-1,6.310799718E-2,-2.426690012E-1,-1.687240005E-1,3.022228512E-1
1.604840500E-1,7.237000018E-2,-2.602390051E-1,-1.813600063E-1,3.253509007E-1
1.654954340E-1,7.435499877E-2,-2.753629982E-1,-1.776539981E-1,3.360273645E-1
1.705068940E-1,5.990400165E-2,-2.665680051E-1,-1.881819963E-1,3.317520980E-1
1.755181900E-1,5.290599912E-2,-2.720780075E-1,-1.847179979E-1,3.330859133E-1
1.805295720E-1,5.532500148E-2,-2.703500092E-1,-1.769450009E-1,3.278101838E-1
1.855410340E-1,4.607399926E-2,-2.733750045E-1,-1.741700023E-1,3.274017352E-1
1.905524050E-1,4.875300080E-2,-2.906779945E-1,-1.576739997E-1,3.342628333E-1
1.955637900E-1,5.366700143E-2,-3.007110059E-1,-1.347520053E-1,3.338642824E-1
2.005754030E-1,5.848599970E-2,-3.081670105E-1,-8.222100139E-2,3.242650330E-1
2.055867660E-1,6.321299821E-2,-3.322040141E-1,-3.584799916E-2,3.400595082E-1
2.105981510E-1,5.625100061E-2,-3.418360054E-1,-1.620700024E-2,3.468121920E-1
2.156095350E-1,4.961799830E-2,-3.490599990E-1,-3.859000048E-3,3.525900176E-1
2.206209200E-1,3.165899962E-2,-3.539269865E-1,-3.146999981E-3,3.553540595E-1
2.256323790E-1,2.126099914E-2,-3.348979950E-1,2.309999982E-4,3.355722731E-1
2.306436840E-1,6.554999854E-3,-3.135839999E-1,-1.936700009E-2,3.142498587E-1
2.356550670E-1,-3.059000010E-3,-2.852039933E-1,-3.563800082E-2,2.874382410E-1
2.406664610E-1,8.551999927E-3,-2.664369941E-1,-3.962299973E-2,2.695028583E-1
2.456778460E-1,1.974299923E-2,-2.381729931E-1,-5.016399920E-2,2.441978449E-1
2.506893080E-1,3.987200186E-2,-2.171570063E-1,-6.250700355E-2,2.294647411E-1
2.557006890E-1,5.932899937E-2,-2.033710033E-1,-6.966400146E-2,2.230084488E-1
2.607120740E-1,7.123000175E-2,-1.728630066E-1,-7.417400181E-2,2.011395405E-1
2.657234430E-1,7.582099736E-2,-1.615419984E-1,-8.070600033E-2,1.958522386E-1
2.707348280E-1,5.710100010E-2,-1.501380056E-1,-5.677000061E-2,1.703665986E-1
2.757462130E-1,4.831099883E-2,-1.459580064E-1,-6.352599710E-2,1.663527714E-1
2.807575880E-1,4.441000149E-2,-1.417949945E-1,-6.291899830E-2,1.613594405E-1
2.857689720E-1,3.828199953E-2,-1.424259990E-1,-5.982299894E-2,1.591523418E-1
2.907805520E-1,3.703499958E-2,-1.478720009E-1,-6.599900126E-2,1.661131784E-1
2.957917080E-1,3.813200071E-2,-1.509180069E-1,-6.026899815E-2,1.669210784E-1
3.008033220E-1,3.459599987E-2,-1.659010053E-1,-5.231500044E-2,1.773608920E-1
3.058147180E-1,1.259099972E-2,-1.689220071E-1,-4.906700179E-2,1.763540428E-1
3.108261780E-1,1.210900024E-2,-1.742800027E-1,-3.194399923E-2,1.775966394E-1
3.158374720E-1,1.162100025E-2,-2.130409926E-1,-3.686999902E-3,2.133895643E-1
3.208488540E-1,4.153000191E-3,-2.373660058E-1,1.672999933E-2,2.379910943E-1
3.258602390E-1,1.769999973E-2,-2.664560080E-1,2.976300009E-2,2.686967256E-1
3.308716230E-1,2.390800044E-2,-2.931109965E-1,4.480699822E-2,2.974782611E-1
3.358830080E-1,4.380299896E-2,-3.030610085E-1,4.347800091E-2,3.092814481E-1
3.408944660E-1,5.846799910E-2,-3.202559948E-1,3.315199912E-2,3.272330426E-1
3.459058520E-1,6.347999722E-2,-3.207969964E-1,1.178400032E-2,3.272297138E-1
3.509172460E-1,6.150799990E-2,-3.190189898E-1,3.043999895E-3,3.249086269E-1
3.559286300E-1,6.892800331E-2,-3.364480138E-1,-2.684999956E-3,3.434465677E-1
3.609402490E-1,6.934200227E-2,-3.563619852E-1,-1.466299966E-2,3.633416868E-1
3.659514050E-1,7.224100083E-2,-3.692890108E-1,-4.877299815E-2,3.794363465E-1
3.709630180E-1,7.980400324E-2,-4.038720131E-1,-6.967700273E-2,4.175358267E-1
3.759744290E-1,8.951000124E-2,-4.338069856E-1,-8.441600204E-2,4.509175118E-1
3.809858130E-1,7.127600163E-2,-4.471479952E-1,-1.094089970E-1,4.658239224E-1
3.859971980E-1,6.532199681E-2,-4.822059870E-1,-1.395799965E-1,5.062332985E-1
3.910086070E-1,5.735100061E-2,-5.127099752E-1,-1.815630049E-1,5.469239259E-1
3.960199910E-1,3.817199916E-2,-5.649219751E-1,-2.141730040E-1,6.053627137E-1
4.010313900E-1,1.981200092E-2,-6.196960211E-1,-2.493000031E-1,6.682560628E-1
4.060428490E-1,-4.821999930E-3,-6.818429828E-1,-2.960830033E-1,7.433695243E-1
4.110541590E-1,-3.538399935E-2,-7.441020012E-1,-3.192009926E-1,8.104499301E-1
4.160656240E-1,-7.170599699E-2,-8.375869989E-1,-3.518539965E-1,9.113149651E-1
4.210770100E-1,-1.042309999E-1,-9.455339909E-1,-3.867630064E-1,1.026880837E0
4.260883950E-1,-1.167190000E-1,-1.062206984E0,-4.360420108E-1,1.154140215E0
4.310997850E-1,-1.481200010E-1,-1.202875972E0,-4.765770137E-1,1.302296352E0
4.361111690E-1,-1.984360069E-1,-1.353171945E0,-5.227239728E-1,1.464135073E0
4.411225590E-1,-2.320410013E-1,-1.522657990E0,-5.433229804E-1,1.633257556E0
4.461339430E-1,-2.945289910E-1,-1.677835941E0,-5.861070156E-1,1.801499988E0
4.511453270E-1,-3.213990033E-1,-1.813889980E0,-6.465280056E-1,1.952304444E0
4.561567150E-1,-3.126380146E-1,-1.959509969E0,-7.342759967E-1,2.115793725E0
4.611683300E-1,-2.634350061E-1,-2.073981047E0,-8.736919761E-1,2.265862541E0
4.661797220E-1,-1.857099980E-1,-2.178803921E0,-1.005262971E0,2.406704878E0
4.711911060E-1,-1.488119960E-1,-2.300288916E0,-1.033507943E0,2.526185420E0
4.762024910E-1,-1.551479995E-1,-2.412107944E0,-9.488620162E-1,2.596666086E0
4.812138710E-1,-1.616339982E-1,-2.533417940E0,-7.437210083E-1,2.645269919E0
4.862252550E-1,-1.705199927E-1,-2.645071983E0,-4.849030077E-1,2.694552614E0
4.912367150E-1,-1.840520054E-1,-2.739887953E0,-2.511749864E-1,2.757526067E0
4.962481250E-1,-1.949139982E-1,-2.832207918E0,-1.189830005E-1,2.841399323E0
5.012595100E-1,-2.150820047E-1,-2.957907915E0,-6.205900013E-2,2.966366603E0
5.062708180E-1,-2.374020070E-1,-3.085859060E0,1.506999973E-2,3.095014210E0
5.112822680E-1,-2.622109950E-1,-3.220841885E0,1.100099981E-1,3.233369643E0
5.162936550E-1,-2.729040086E-1,-3.367629051E0,2.251359969E-1,3.386161284E0
5.213050600E-1,-2.934879959E-1,-3.514242887E0,3.749119937E-1,3.546349853E0
5.263166730E-1,-3.002240062E-1,-3.639139891E0,5.379700065E-1,3.690919306E0
5.313280600E-1,-2.978940010E-1,-3.730339050E0,6.904990077E-1,3.805385545E0
5.363394530E-1,-2.815900147E-1,-3.766277075E0,8.302180171E-1,3.866962360E0
5.413508380E-1,-2.681159973E-1,-3.763685942E0,9.187819958E-1,3.883475043E0
5.463622030E-1,-2.286349982E-1,-3.701004028E0,9.561359882E-1,3.829347308E0
5.513735880E-1,-1.605720073E-1,-3.587783098E0,9.515500069E-1,3.715295189E0
5.563849490E-1,-7.332000136E-2,-3.452716112E0,9.023889899E-1,3.569443971E0
5.613963330E-1,1.655000076E-2,-3.279048920E0,7.940589786E-1,3.373865051E0
5.664077170E-1,7.566300035E-2,-3.105061054E0,6.646029949E-1,3.176291262E0
5.714190960E-1,1.519419998E-1,-2.858964920E0,5.304049850E-1,2.911717059E0
5.764304800E-1,2.288240045E-1,-2.598198891E0,3.817130029E-1,2.636039210E0
5.814419330E-1,2.680880129E-1,-2.344305992E0,2.087700069E-1,2.368802795E0
5.864533190E-1,2.866269946E-1,-2.092519045E0,3.041600063E-2,2.112277472E0
5.914647040E-1,2.867850065E-1,-1.876353025E0,-1.558060050E-1,1.904526668E0
5.964760890E-1,2.710970044E-1,-1.679080963E0,-3.477460146E-1,1.736010875E0
6.014874730E-1,2.083490044E-1,-1.512698054E0,-5.217210054E-1,1.613647272E0
6.064988580E-1,1.248250008E-1,-1.393975973E0,-6.609780192E-1,1.547786237E0
6.115102520E-1,2.747599967E-2,-1.330132961E0,-7.825099826E-1,1.543479996E0
6.165216360E-1,-1.076790020E-1,-1.309218049E0,-8.192620277E-1,1.548172128E0
6.215332500E-1,-2.498210073E-1,-1.345607042E0,-7.878550291E-1,1.579172060E0
6.265444150E-1,-4.015339911E-1,-1.427338004E0,-6.952959895E-1,1.637669025E0
6.315560290E-1,-5.606709719E-1,-1.549615979E0,-5.149480104E-1,1.726508927E0
6.365674150E-1,-6.891509891E-1,-1.690871000E0,-2.822310030E-1,1.847600651E0
6.415787950E-1,-7.729409933E-1,-1.870218039E0,-3.260400146E-2,2.023911142E0
6.465901800E-1,-8.026270270E-1,-2.022998095E0,2.104229927E-1,2.186551914E0
6.516015640E-1,-7.592290044E-1,-2.139631033E0,4.038510025E-1,2.305980327E0
6.566129580E-1,-6.354910135E-1,-2.248791933E0,5.192109942E-1,2.393845033E0
6.616243430E-1,-4.838460088E-1,-2.321749926E0,5.756360292E-1,2.440488991E0
6.666358020E-1,-2.585229874E-1,-2.341762066E0,5.513420105E-1,2.419640825E0
6.716471890E-1,-4.534799978E-2,-2.323227882E0,4.961569905E-1,2.376050503E0
6.766584960E-1,1.584990025E-1,-2.304471016E0,4.121179879E-1,2.346390810E0
6.816698840E-1,3.365660012E-1,-2.261614084E0,3.226659894E-1,2.309174805E0
6.866813460E-1,4.724630117E-1,-2.204287052E0,2.537780106E-1,2.268591189E0
6.916927470E-1,5.494980216E-1,-2.170821905E0,2.147829980E-1,2.249566082E0
6.967041320E-1,5.558230281E-1,-2.137310982E0,1.984460056E-1,2.217299774E0
7.017155170E-1,5.248969793E-1,-2.067888975E0,2.214619964E-1,2.144930551E0
7.067268910E-1,4.686749876E-1,-1.998399019E0,2.985259891E-1,2.074216153E0
7.117382760E-1,3.775469959E-1,-1.931210041E0,4.107320011E-1,2.010177787E0
7.167496550E-1,2.369250059E-1,-1.873433948E0,5.537589788E-1,1.967876323E0
7.217610390E-1,8.017200232E-2,-1.822594047E0,7.113119960E-1,1.958121897E0
7.267726380E-1,-5.944000185E-2,-1.754660964E0,8.696269989E-1,1.959239477E0
7.317840250E-1,-1.797239929E-1,-1.691102028E0,9.763489962E-1,1.960965105E0
7.367954050E-1,-2.761099935E-1,-1.600772023E0,1.029283047E0,1.923052623E0
7.418067890E-1,-3.632110059E-1,-1.536280990E0,9.974520206E-1,1.867348936E0
7.468181740E-1,-3.957670033E-1,-1.466575027E0,8.948720098E-1,1.763028571E0
7.518295590E-1,-3.906899989E-1,-1.391728997E0,7.092519999E-1,1.610151135E0
7.568409430E-1,-3.241119981E-1,-1.338098049E0,5.145390034E-1,1.469797728E0
7.618523570E-1,-2.321079969E-1,-1.274723053E0,3.340370059E-1,1.338048469E0
7.668637410E-1,-1.098470017E-1,-1.218405962E0,1.938309968E-1,1.238608052E0
7.718751250E-1,1.159400027E-2,-1.181216955E0,7.437799871E-2,1.183613114E0
7.768865040E-1,1.370609999E-1,-1.132132053E0,3.992899880E-2,1.141097292E0
7.818978880E-1,2.474150062E-1,-1.068778992E0,4.742899910E-2,1.098067497E0
7.869093500E-1,3.450349867E-1,-1.029446006E0,1.184810027E-1,1.092174880E0
7.919207370E-1,4.107660055E-1,-9.878270030E-1,1.741169989E-1,1.083903883E0
7.969320920E-1,4.637219906E-1,-9.510679841E-1,2.647680044E-1,1.090720171E0
8.019434770E-1,5.181909800E-1,-9.311069846E-1,3.427540064E-1,1.119358038E0
8.069548610E-1,5.550749898E-1,-9.350649714E-1,4.274510145E-1,1.168404517E0
8.119662320E-1,5.934500098E-1,-9.437479973E-1,4.927519858E-1,1.218871493E0
8.169776170E-1,6.120219827E-1,-9.810389876E-1,5.316410065E-1,1.272654927E0
8.219892300E-1,6.181129813E-1,-1.018115997E0,6.162279844E-1,1.341029743E0
8.270003860E-1,5.665109754E-1,-1.047698975E0,7.396460176E-1,1.402028551E0
8.320119990E-1,4.956800044E-1,-1.038583040E0,9.021760225E-1,1.462284163E0
8.370231690E-1,3.867050111E-1,-9.978309870E-1,1.020378947E0,1.478641485E0
8.420347830E-1,2.515259981E-1,-9.444800019E-1,1.075394034E0,1.453196522E0
8.470461690E-1,7.594999671E-2,-8.713170290E-1,9.547929764E-1,1.294832574E0
8.520575540E-1,-3.889499977E-2,-7.943040133E-1,7.167649865E-1,1.070599707E0
8.570689380E-1,-6.446500123E-2,-6.277400255E-1,3.742949963E-1,7.336961362E-1
8.620803230E-1,-7.518400252E-2,-4.504469931E-1,-1.042400021E-2,4.567973157E-1
8.670917080E-1,-8.760400116E-2,-2.389059961E-1,-3.866440058E-1,4.628651242E-1
8.721030970E-1,-1.178980023E-1,-4.836000130E-2,-7.580199838E-1,7.686565712E-1
8.771144820E-1,-1.262210011E-1,1.519780010E-1,-1.140269995E0,1.157257411E0
8.821258430E-1,-1.249509975E-1,3.447029889E-1,-1.480613947E0,1.525336213E0
8.871372270E-1,-4.886100069E-2,5.936470032E-1,-1.715814948E0,1.816266802E0
8.921486110E-1,3.947999794E-3,8.536930084E-1,-1.836799026E0,2.025496976E0
8.971600710E-1,-6.219400093E-2,9.955459833E-1,-1.805397987E0,2.062629824E0
9.021714580E-1,-1.448069960E-1,1.059988976E0,-1.594833016E0,1.920426527E0
9.071828430E-1,-1.939300001E-1,1.118893981E0,-1.243026972E0,1.683641482E0
9.121942270E-1,-2.220730036E-1,1.155784011E0,-8.711529970E-1,1.464261125E0
9.172056120E-1,-2.079299986E-1,1.158890963E0,-5.623750091E-1,1.304809871E0
9.222169970E-1,-1.565030068E-1,1.135565996E0,-3.185510039E-1,1.189738654E0
9.272283810E-1,-4.070329964E-1,6.181550026E-1,-2.862069905E-1,7.935401117E-1
9.322399950E-1,7.028999925E-2,9.173030257E-1,-8.038199693E-2,9.234970441E-1
9.372513620E-1,3.774119914E-1,1.120741010E0,2.774060071E-1,1.214682804E0
9.422625160E-1,4.750280082E-1,1.002730966E0,3.752000034E-1,1.171279659E0
9.472741290E-1,4.805710018E-1,7.855600119E-1,3.065949976E-1,9.705944120E-1
9.522855400E-1,5.920330286E-1,6.406509876E-1,2.755520046E-1,9.148036413E-1
9.572969250E-1,7.112839818E-1,5.172740221E-1,2.855570018E-1,9.246837935E-1
9.623083090E-1,7.616630197E-1,3.842839897E-1,3.121930063E-1,9.084432912E-1
9.673196940E-1,7.384759784E-1,2.591330111E-1,2.874990106E-1,8.337579800E-1
9.723310790E-1,6.858100295E-1,1.778440028E-1,2.356189936E-1,7.466459644E-1
9.773424630E-1,6.094599962E-1,1.285209954E-1,1.757660061E-1,6.471883977E-1
9.823538480E-1,5.148760080E-1,9.931500256E-2,1.010230035E-1,5.340097570E-1
9.873652220E-1,3.841620088E-1,9.248399734E-2,3.727599978E-2,3.968919738E-1
9.923766060E-1,2.230879962E-1,6.752300262E-2,-2.706900053E-2,2.346493996E-1
9.973880090E-1,2.557400055E-2,3.867800161E-2,-6.842599809E-2,8.265672706E-2
1.002399393E0,-1.585499942E-1,3.458000021E-3,-9.181299806E-2,1.832476058E-1
1.007410778E0,-3.018780053E-1,-2.378500067E-2,-1.115290001E-1,3.226992008E-1
1.012422239E0,-4.219450057E-1,-6.437099725E-2,-1.389939934E-1,4.488881189E-1
1.017433626E0,-5.126580000E-1,-7.028999925E-2,-1.953890026E-1,5.531146095E-1
1.022445011E0,-5.704709888E-1,-8.130300045E-2,-3.336040080E-1,6.658370379E-1
1.027456390E0,-5.778139830E-1,-7.075499743E-2,-5.241649747E-1,7.833416810E-1
1.032467775E0,-5.968199968E-1,-3.896000097E-3,-6.501830220E-1,8.825798828E-1
1.037479146E0,-5.667629838E-1,8.279799670E-2,-7.512040138E-1,9.446603932E-1
1.042490530E0,-5.166940093E-1,1.666609943E-1,-7.579050064E-1,9.322921136E-1
1.047502144E0,-4.655680060E-1,2.329269946E-1,-7.142170072E-1,8.838068151E-1
1.052513300E0,-4.157629907E-1,2.981410027E-1,-6.563879848E-1,8.322211896E-1
1.057524677E0,-3.394890130E-1,3.507489860E-1,-6.335750222E-1,7.998093210E-1
1.062536062E0,-2.262639999E-1,4.557299912E-1,-6.878749728E-1,8.556034133E-1
1.067547446E0,-1.629270017E-1,5.881580114E-1,-6.659740210E-1,9.033252188E-1
1.072558807E0,-8.780500293E-2,6.887350082E-1,-6.791039705E-1,9.712094691E-1
1.077570192E0,-1.316249967E-1,7.680749893E-1,-8.307510018E-1,1.139039752E0
1.082581831E0,-1.088820025E-1,8.326780200E-1,-8.707870245E-1,1.209742955E0
1.087593218E0,-1.059119999E-1,8.801299930E-1,-9.595299959E-1,1.306347568E0
1.092604602E0,-9.876099974E-2,8.744289875E-1,-9.823570251E-1,1.318865086E0
1.097615987E0,-1.162780002E-1,8.801659942E-1,-9.296730161E-1,1.285497829E0
1.102627372E0,-1.654530019E-1,8.638679981E-1,-8.014460206E-1,1.189940477E0
1.107638756E0,-2.007399946E-1,8.520370126E-1,-6.236259937E-1,1.074789745E0
1.112650146E0,-2.125599980E-1,7.883350253E-1,-4.447900057E-1,9.297806268E-1
1.117661530E0,-1.844789982E-1,7.134230137E-1,-2.763679922E-1,7.870096342E-1
1.122672914E0,-1.385850012E-1,6.331080198E-1,-1.856469959E-1,6.741634627E-1
1.127684308E0,-7.522100210E-2,5.386899710E-1,-1.684879959E-1,5.694148652E-1
1.132695692E0,-2.737599984E-2,4.306029975E-1,-1.714199930E-1,4.642770734E-1
1.137707168E0,5.396000110E-3,3.185609877E-1,-1.870760024E-1,3.694694174E-1
1.142718478E0,1.648700051E-2,2.093030065E-1,-1.685380042E-1,2.692296948E-1
1.147729937E0,-1.329209954E-1,1.454689950E-1,-3.158710003E-1,3.722951898E-1
1.152741320E0,-4.406100139E-2,-8.397100121E-2,3.133499995E-2,9.987183341E-2
1.157752704E0,5.901499838E-2,-9.567700326E-2,2.355390042E-1,2.609894279E-1
1.162764074E0,-1.042499989E-1,-9.146299958E-2,1.551699936E-1,2.081135976E-1
1.167775459E0,-2.259420007E-1,-1.131910011E-1,1.804389954E-1,3.105160567E-1
1.172786838E0,-3.262929916E-1,-1.040790007E-1,5.635499954E-2,3.470957227E-1
1.177798223E0,-3.780040145E-1,-4.991199821E-2,-8.090600371E-2,3.897743244E-1
1.182809618E0,-4.195689857E-1,2.774799988E-2,-2.385949939E-1,4.834621561E-1
1.187821002E0,-6.456300020E-1,-1.276759952E-1,-3.900370002E-1,7.650281830E-1
1.192832391E0,-5.336970091E-1,3.726100177E-2,-4.294100106E-1,6.860130006E-1
1.197843775E0,-2.925510108E-1,3.647620082E-1,-3.748820126E-1,5.993112213E-1
1.202855159E0,-3.105069995E-1,4.494970143E-1,-4.666950107E-1,7.185168026E-1
1.207866529E0,-4.055849910E-1,4.341320097E-1,-6.067349911E-1,8.491743850E-1
1.212877914E0,-4.198069870E-1,4.965249896E-1,-6.565999985E-1,9.240663016E-1
1.217889529E0,-5.003690124E-1,6.092910171E-1,-8.577380180E-1,1.165040428E0
1.222900905E0,-2.997840047E-1,6.297410131E-1,-5.059350133E-1,8.616347432E-1
1.227912290E0,-5.121399760E-1,5.425509810E-1,-7.831050158E-1,1.081620260E0
1.232923680E0,-8.325790167E-1,1.350129992E-1,-8.949919939E-1,1.229807708E0
1.237935064E0,-4.275240004E-1,7.099630237E-1,-6.442790031E-1,1.049723630E0
1.242946223E0,-4.454900026E-1,9.723100066E-1,-6.146289706E-1,1.233538351E0
1.247957836E0,-4.712609947E-1,9.423800111E-1,-3.559879959E-1,1.112157571E0
1.252969237E0,-4.873740077E-1,9.717190266E-1,-3.159730136E-1,1.132082256E0
1.257980622E0,-4.264349937E-1,9.142820239E-1,-3.535679877E-1,1.069003623E0
1.262992026E0,-2.737790048E-1,8.630989790E-1,-4.405620098E-1,1.006970544E0
1.268003411E0,-2.138699964E-2,8.610529900E-1,-6.778249741E-1,1.096045779E0
1.273014772E0,3.576979935E-1,8.362399936E-1,-6.444140077E-1,1.114681387E0
1.278026156E0,5.745329857E-1,8.340209723E-1,-8.885099888E-1,1.347267284E0
1.283037616E0,7.356849909E-1,7.537530065E-1,-1.027549982E0,1.471473740E0
1.288048925E0,8.057979941E-1,7.103319764E-1,-1.044723988E0,1.498442570E0
1.293060385E0,6.202800274E-1,4.338020086E-1,-1.089977026E0,1.327019748E0
1.298071767E0,7.643439770E-1,5.721759796E-1,-9.775779843E-1,1.366479338E0
1.303083074E0,8.489770293E-1,8.797870278E-1,-8.449119925E-1,1.486157288E0
1.308094457E0,7.329400182E-1,8.784279823E-1,-6.961860061E-1,1.339220574E0
1.313105826E0,2.808929980E-1,6.113200188E-1,-8.995490074E-1,1.123299363E0
1.318117287E0,2.825000091E-3,4.890480042E-1,-1.000988960E0,1.114071286E0
1.323128669E0,-1.335500032E-1,4.458310008E-1,-1.095950007E0,1.190675146E0
1.328140053E0,-1.610780060E-1,4.662790000E-1,-1.132472038E0,1.235255094E0
1.333151438E0,-1.207920015E-1,5.094590187E-1,-1.139650941E0,1.254170430E0
1.338162828E0,-2.467299998E-2,5.609459877E-1,-1.115180969E0,1.248558269E0
1.343174212E0,7.993099838E-2,6.208249927E-1,-1.094884038E0,1.261183449E0
1.348185612E0,2.438900024E-1,6.580600142E-1,-9.040049911E-1,1.144443244E0
1.353196997E0,3.214400113E-1,7.136049867E-1,-7.910069823E-1,1.112765835E0
1.358208390E0,3.636460006E-1,7.302410007E-1,-7.005929947E-1,1.075323615E0
1.363219774E0,3.898769915E-1,7.055090070E-1,-6.592109799E-1,1.041300218E0
1.368231173E0,4.004470110E-1,6.781730056E-1,-6.637459993E-1,1.029968536E0
1.373242557E0,3.889789879E-1,6.436269879E-1,-6.732940078E-1,1.009398422E0
1.378253937E0,3.722620010E-1,6.036630273E-1,-6.457390189E-1,9.591490648E-1
1.383265552E0,3.431349993E-1,5.631809831E-1,-6.359220147E-1,9.161393214E-1
1.388276939E0,3.596990108E-1,5.210549831E-1,-5.450239778E-1,8.354237309E-1
1.393288328E0,3.269029856E-1,4.940370023E-1,-4.664280117E-1,7.539848882E-1
1.398299713E0,2.925930023E-1,4.660969973E-1,-4.372810125E-1,7.029023828E-1
1.403311088E0,2.616479993E-1,4.559969902E-1,-3.888429999E-1,6.539050460E-1
1.408322241E0,1.804669946E-1,4.231039882E-1,-3.163659871E-1,5.582765970E-1
1.413333624E0,3.652999923E-2,3.792630136E-1,-2.202380002E-1,4.400905032E-1
1.418345234E0,-5.234700069E-2,3.668060005E-1,-8.482500166E-2,3.801080522E-1
1.423356621E0,-1.412480026E-1,3.607349992E-1,-4.440699890E-2,3.899393792E-1
1.428368006E0,-1.346569955E-1,3.043900132E-1,1.353449970E-1,3.593105270E-1
1.433379376E0,1.075875044E0,1.194085002E0,2.119590044E-1,1.621194844E0
1.438390761E0,5.740600228E-1,7.015259862E-1,-1.112290025E-1,9.132663960E-1
1.443402131E0,-1.673769951E-1,2.858420014E-1,-4.658000171E-2,3.345002314E-1
1.448413515E0,-5.435019732E-1,4.631000012E-2,-2.013600022E-1,5.814506526E-1
1.453424975E0,-6.214740276E-1,-9.836900234E-2,-2.629469931E-1,6.819439485E-1
1.458436284E0,-5.542219877E-1,-1.735969931E-1,-2.645770013E-1,6.381997472E-1
1.463447667E0,-4.783979952E-1,-2.322349995E-1,-2.568260133E-1,5.905568033E-1
1.468459076E0,-4.081610143E-1,-2.629849911E-1,-2.192919999E-1,5.327715274E-1
1.473470460E0,-3.434289992E-1,-2.660450041E-1,-1.786639988E-1,4.697278427E-1
1.478481860E0,-2.518630028E-1,-2.060369998E-1,-1.405230016E-1,3.544473606E-1
1.483493245E0,-1.876759976E-1,-1.372019947E-1,-1.681739986E-1,2.869305861E-1
1.488504630E0,-1.686699986E-1,-5.657399818E-2,-2.439700067E-1,3.019462699E-1
1.493516024E0,-1.982360035E-1,2.401299961E-2,-3.367350101E-1,3.914902353E-1
1.498527484E0,-1.681309938E-1,1.563120037E-1,-4.024299979E-1,4.633048422E-1
1.503538799E0,-5.196699873E-2,3.227770030E-1,-4.351390004E-1,5.442715428E-1
1.508550259E0,7.393299788E-2,4.585089982E-1,-4.259729981E-1,6.301980520E-1
1.513561568E0,1.584679931E-1,5.423859954E-1,-4.127190113E-1,6.997368471E-1
1.518573038E0,1.982080042E-1,6.199769974E-1,-3.882980049E-1,7.579137357E-1
1.523584348E0,2.385990024E-1,6.816409826E-1,-3.409909904E-1,7.986480881E-1
1.528595802E0,3.004800081E-1,7.492920160E-1,-3.227759898E-1,8.694314810E-1
1.533607189E0,3.438909948E-1,7.874959707E-1,-3.185899854E-1,9.164663109E-1
1.538618568E0,3.717390001E-1,8.157330155E-1,-3.255069852E-1,9.537111902E-1
1.543629953E0,3.774049878E-1,8.438119888E-1,-3.431810141E-1,9.860154186E-1
1.548641338E0,3.848380148E-1,8.954799771E-1,-3.457100093E-1,1.034166378E0
1.553652722E0,3.921310008E-1,9.538890123E-1,-3.605079949E-1,1.092536949E0
1.558664107E0,3.941439986E-1,1.021865964E0,-3.569889963E-1,1.151955157E0
1.563675468E0,3.694869876E-1,1.101873040E0,-3.302670121E-1,1.208189195E0
1.568686852E0,3.587439954E-1,1.182034016E0,-2.945390046E-1,1.269903498E0
1.573698236E0,3.332659900E-1,1.274366975E0,-2.784070075E-1,1.346323835E0
1.578709620E0,3.002899885E-1,1.359832048E0,-2.720879912E-1,1.418925351E0
1.583721004E0,2.839820087E-1,1.426494956E0,-2.707509995E-1,1.479472793E0
1.588732403E0,2.845740020E-1,1.460052013E0,-2.551490068E-1,1.509249900E0
1.593743788E0,2.258249968E-1,1.472540021E0,-2.610230148E-1,1.512449687E0
1.598755188E0,1.316280067E-1,1.483044982E0,-2.884730101E-1,1.516563559E0
1.603766573E0,5.210100114E-2,1.503579974E0,-3.230380118E-1,1.538772501E0
1.608778187E0,-4.624800012E-2,1.514986038E0,-3.359929919E-1,1.552486027E0
1.613789564E0,-1.826460063E-1,1.507820964E0,-2.504250109E-1,1.539349313E0
1.618800948E0,-3.142189980E-1,1.494155049E0,-1.234270036E-1,1.531818238E0
1.623812097E0,-4.100820124E-1,1.454992056E0,4.307999834E-2,1.512291316E0
1.628823711E0,-3.891890049E-1,1.514835954E0,2.087060064E-1,1.577895512E0
1.633835097E0,-3.304179907E-1,1.652287006E0,2.686469853E-1,1.706282392E0
1.638846251E0,-2.599759996E-1,1.723747015E0,2.061589956E-1,1.755389650E0
1.643857864E0,-1.537809968E-1,1.791337013E0,7.372500002E-2,1.799436652E0
1.648869261E0,-9.209999815E-3,1.859688044E0,-7.161500305E-2,1.861089238E0
1.653880646E0,1.642580032E-1,1.919116974E0,-2.420960069E-1,1.941288523E0
1.658892025E0,3.427950144E-1,1.957550049E0,-3.590309918E-1,2.019508323E0
1.663903410E0,4.858230054E-1,1.960522056E0,-4.705469906E-1,2.073905782E0
1.668914564E0,5.646370053E-1,1.944744945E0,-6.054750085E-1,2.113633798E0
1.673926162E0,6.892139912E-1,1.902915955E0,-5.799099803E-1,2.105326730E0
1.678937549E0,6.559590101E-1,1.918714046E0,-6.453269720E-1,2.127955055E0
1.683948915E0,5.364390016E-1,1.929793954E0,-6.489920020E-1,2.105483822E0
1.688960300E0,3.925519884E-1,1.952844024E0,-6.222500205E-1,2.086837783E0
1.693971685E0,2.599180043E-1,1.973392010E0,-5.583220124E-1,2.067258296E0
1.698983074E0,1.431699991E-1,1.974606037E0,-4.862749875E-1,2.038634350E0
1.703994459E0,4.965599999E-2,1.951678991E0,-3.799670041E-1,1.988942314E0
1.709005834E0,-3.948000073E-2,1.854351044E0,-2.562589943E-1,1.872390220E0
1.714017218E0,-1.263729930E-1,1.704224944E0,-1.222359985E-1,1.713270099E0
1.719028592E0,-2.011290044E-1,1.510972977E0,3.435999900E-2,1.524687779E0
1.724039976E0,-2.850399911E-1,1.284322023E0,2.020840049E-1,1.331002931E0
1.729051356E0,-3.957940042E-1,1.003291011E0,3.424080014E-1,1.131586932E0
1.734062741E0,-5.141760111E-1,7.104769945E-1,4.620260000E-1,9.912731989E-1
1.739074116E0,-6.560279727E-1,3.916650116E-1,5.757210255E-1,9.566759543E-1
1.744085501E0,-7.648540139E-1,8.754300326E-2,6.929339767E-1,1.035771662E0
1.749096886E0,-8.115959764E-1,-1.970469952E-1,7.994530201E-1,1.156131774E0
1.754108276E0,-8.237259984E-1,-4.572319984E-1,8.859620094E-1,1.293257245E0
1.759119661E0,-8.048120141E-1,-7.071470022E-1,9.272230268E-1,1.416870425E0
1.764131054E0,-7.966539860E-1,-9.393299818E-1,9.603549838E-1,1.561819478E0
1.769142438E0,-7.556669712E-1,-1.156795979E0,1.013183951E0,1.713403405E0
1.774153822E0,-7.011070251E-1,-1.357185006E0,1.078348041E0,1.869849378E0
1.779165206E0,-6.019669771E-1,-1.523800969E0,1.150836945E0,2.002188629E0
1.784176591E0,-5.110059977E-1,-1.659090996E0,1.223106980E0,2.123605601E0
1.789187971E0,-4.234040082E-1,-1.755913019E0,1.335603952E0,2.246405886E0
1.794199356E0,-3.128759861E-1,-1.838222027E0,1.459372997E0,2.367851589E0
1.799210756E0,-1.626790017E-1,-1.848603964E0,1.603809953E0,2.452755071E0
1.804222141E0,-3.013399988E-2,-1.849248052E0,1.737864017E0,2.537872684E0
1.809233526E0,1.040840000E-1,-1.806671023E0,1.854115009E0,2.590875553E0
1.814244986E0,2.306109965E-1,-1.732797027E0,1.928810000E0,2.603089508E0
1.819256372E0,3.974890113E-1,-1.632365942E0,1.988438964E0,2.603172218E0
1.824267680E0,5.453090072E-1,-1.481462955E0,1.963490009E0,2.519402195E0
1.829279068E0,6.720460057E-1,-1.325531006E0,1.885182023E0,2.400539427E0
1.834290452E0,7.923049927E-1,-1.157382965E0,1.777438998E0,2.264193437E0
1.839301822E0,9.086260200E-1,-1.008100986E0,1.681179047E0,2.160609134E0
1.844313206E0,9.635350108E-1,-8.464239836E-1,1.541476965E0,2.005239265E0
1.849324668E0,1.016136050E0,-6.973050237E-1,1.415369987E0,1.876709613E0
1.854335969E0,1.017639041E0,-5.992500186E-1,1.311933994E0,1.765180050E0
1.859347351E0,9.857730269E-1,-5.116850138E-1,1.186612964E0,1.625306229E0
1.864358740E0,9.537019730E-1,-4.514510036E-1,1.035644054E0,1.478483706E0
1.869370125E0,9.075549841E-1,-3.900420070E-1,8.898919821E-1,1.329547501E0
1.874381509E0,8.615949750E-1,-3.156529963E-1,7.399449944E-1,1.178771102E0
1.879392919E0,7.925860286E-1,-2.524249852E-1,5.879390240E-1,1.018618320E0
1.884404304E0,6.917269826E-1,-2.149239928E-1,4.547039866E-1,8.552392978E-1
1.889415688E0,5.947669744E-1,-1.842029989E-1,3.881379962E-1,7.337094812E-1
1.894427073E0,5.152599812E-1,-1.722690016E-1,3.605830073E-1,6.520656119E-1
1.899438473E0,4.060940146E-1,-1.744489968E-1,3.659879863E-1,5.738397053E-1
1.904449858E0,2.912899852E-1,-1.644220054E-1,3.406499922E-1,4.774168708E-1
1.909461243E0,1.895119995E-1,-1.589480042E-1,3.480109870E-1,4.269553994E-1
1.914472636E0,1.259689927E-1,-1.435720026E-1,3.825190067E-1,4.275533856E-1
1.919484020E0,2.059200034E-2,-1.039979979E-1,4.411619902E-1,4.537218483E-1
1.924495404E0,-7.423099875E-2,-4.495999962E-2,5.050849915E-1,5.124865767E-1
1.929506798E0,-1.333280057E-1,4.320500046E-2,5.512760282E-1,5.688130522E-1
1.934518183E0,-1.855130047E-1,1.485310048E-1,5.804929733E-1,6.272548337E-1
1.939529568E0,-2.658770084E-1,2.493599951E-1,5.657349825E-1,6.729985596E-1
1.944540953E0,-3.364000022E-1,3.097440004E-1,5.292710066E-1,6.994527187E-1
1.949552338E0,-3.999260068E-1,3.344210088E-1,4.693610072E-1,7.014826991E-1
1.954563708E0,-4.475530088E-1,3.688719869E-1,4.215129912E-1,7.169682281E-1
1.959575093E0,-4.682700038E-1,3.628669977E-1,3.713130057E-1,6.991584961E-1
1.964586478E0,-4.327589869E-1,3.525280058E-1,3.837690055E-1,6.773735936E-1
1.969597858E0,-3.659580052E-1,3.188369870E-1,4.126049876E-1,6.370440814E-1
1.974609242E0,-2.757929862E-1,2.907719910E-1,5.224580169E-1,6.584622247E-1
1.979620626E0,-2.326840013E-1,2.585650086E-1,5.713890195E-1,6.689417910E-1
1.984632005E0,-1.539040059E-1,2.199320048E-1,6.238229871E-1,6.791256504E-1
1.989643467E0,-6.826400012E-2,1.676799953E-1,6.586570144E-1,6.830853659E-1
1.994654853E0,-1.539300010E-2,1.280519962E-1,6.833580136E-1,6.954224852E-1
1.999666161E0,3.131800145E-2,1.080669984E-1,6.704419851E-1,6.798174378E-1
2.004677553E0,8.379100263E-2,1.172650009E-1,6.607509851E-1,6.762868304E-1
2.009688937E0,9.777200222E-2,1.433899999E-1,6.102399826E-1,6.344390379E-1
2.014700322E0,9.537299722E-2,1.744399965E-1,5.712530017E-1,6.048597465E-1
2.019711788E0,8.166199923E-2,2.079180032E-1,5.297240019E-1,5.748965962E-1
2.024723175E0,3.599499911E-2,2.004690021E-1,4.412940145E-1,4.860286699E-1
2.029734478E0,-2.672700025E-2,2.020200044E-1,3.121140003E-1,3.727486605E-1
2.034745937E0,-1.177679971E-1,1.623159945E-1,2.012650073E-1,2.841186132E-1
2.039757324E0,-2.223600000E-1,1.338070035E-1,6.866499782E-2,2.684458339E-1
2.044768642E0,-3.376989961E-1,9.515800327E-2,-1.793799922E-2,3.513081686E-1
2.049780101E0,-4.331550002E-1,5.850699916E-2,-8.816099912E-2,4.458908890E-1
2.054791416E0,-5.092269778E-1,-9.352999739E-3,-1.171939969E-1,5.226222598E-1
2.059802798E0,-5.873569846E-1,-6.503599882E-2,-1.018780023E-1,5.996641025E-1
2.064814183E0,-6.047729850E-1,-1.201149970E-1,-5.544799939E-2,6.190738700E-1
2.069825563E0,-6.003019810E-1,-1.601130068E-1,3.220000071E-4,6.212879743E-1
2.074836947E0,-6.001650095E-1,-1.850019991E-1,5.827099830E-2,6.307291713E-1
2.079848332E0,-5.648130178E-1,-2.282769978E-1,9.498000145E-2,6.165592701E-1
2.084859707E0,-5.277429819E-1,-2.422270030E-1,1.160309985E-1,5.921568783E-1
2.089871092E0,-4.404329956E-1,-2.888349891E-1,1.520249993E-1,5.481956538E-1
2.094882487E0,-3.715719879E-1,-1.877180040E-1,3.562000114E-3,4.163129580E-1
2.099893872E0,-2.670829892E-1,-1.452489942E-1,1.126329973E-1,3.242171888E-1
2.104905233E0,-1.676110029E-1,-1.267489940E-1,4.184199870E-2,2.142650430E-1
2.109916618E0,-6.612300128E-2,-1.228680015E-1,-5.009600148E-2,1.482511600E-1
2.114928006E0,2.387000015E-3,-1.454170048E-1,-1.091400012E-1,1.818332833E-1
2.119939390E0,4.329400137E-2,-1.682959944E-1,-1.848790050E-1,2.537285139E-1
2.124950774E0,8.742299676E-2,-2.126269937E-1,-2.048269957E-1,3.079076436E-1
2.129962158E0,1.600189954E-1,-2.614730000E-1,-2.053830028E-1,3.689937485E-1
2.134973538E0,2.414969951E-1,-3.240869939E-1,-1.732890010E-1,4.397524942E-1
2.139984923E0,2.851789892E-1,-3.836390078E-1,-1.233559996E-1,4.936827390E-1
2.144996328E0,3.593370020E-1,-4.402849972E-1,-1.001780033E-1,5.770698330E-1
2.150007713E0,4.328309894E-1,-4.891000092E-1,-6.588800251E-2,6.564318039E-1
2.155019098E0,5.243309736E-1,-5.372790098E-1,-4.892199859E-2,7.523197899E-1
2.160030487E0,5.266900063E-1,-5.731909871E-1,-5.824600160E-2,7.806041680E-1
2.165041872E0,4.961229861E-1,-5.980939865E-1,6.005100161E-2,7.793975602E-1
2.170053256E0,4.636900127E-1,-6.334450245E-1,1.767159998E-1,8.046673670E-1
2.175064645E0,4.176509976E-1,-6.307290196E-1,1.108430028E-1,7.645506022E-1
2.180076029E0,4.050059915E-1,-6.172980070E-1,1.932529956E-1,7.631732457E-1
2.185087413E0,3.645580113E-1,-5.986899734E-1,2.012519985E-1,7.292699053E-1
2.190098788E0,2.507840097E-1,-5.775290132E-1,2.020229995E-1,6.612455466E-1
2.195110173E0,-2.251099981E-2,-5.905060172E-1,1.393959969E-1,6.071534777E-1
2.200121549E0,8.273299783E-2,-5.273280144E-1,5.122900009E-2,5.362312879E-1
2.205132704E0,3.355999887E-1,-3.646369874E-1,-7.213799655E-2,5.007907503E-1
2.210144091E0,4.216069877E-1,-2.557030022E-1,-1.840009987E-1,5.263010973E-1
2.215155706E0,3.134570122E-1,-2.033739984E-1,-3.085959852E-1,4.846109406E-1
2.220167093E0,1.210620031E-1,-1.692930013E-1,-4.013659954E-1,4.521181164E-1
2.225178477E0,-2.249999961E-4,-1.128330007E-1,-5.000140071E-1,5.125869136E-1
2.230189862E0,-2.491999976E-2,-6.708999723E-2,-5.763339996E-1,5.807606678E-1
2.235201222E0,-3.942900151E-2,-2.244699933E-2,-6.472100019E-1,6.487983512E-1
2.240212607E0,-5.336000025E-2,6.362999789E-3,-7.523980141E-1,7.543146220E-1
2.245223992E0,-7.850600034E-2,-3.805000102E-3,-7.911760211E-1,7.950705418E-1
2.250235362E0,-7.033000141E-2,-2.237000037E-3,-7.909330130E-1,7.940568898E-1
2.255246516E0,-2.071500011E-2,-2.531999955E-3,-7.294099927E-1,7.297084758E-1
2.260257904E0,3.194700181E-2,-7.282999810E-3,-6.897900105E-1,6.905678182E-1
2.265269519E0,8.754999936E-2,-3.060499951E-2,-6.343780160E-1,6.411217790E-1
2.270280906E0,1.900520027E-1,-6.017699838E-2,-5.661159754E-1,6.001902469E-1
2.275292055E0,9.440500289E-2,-6.446000189E-2,-6.344820261E-1,6.446974778E-1
2.280303437E0,1.084109992E-1,-5.978899822E-2,-4.726369977E-1,4.885830540E-1
2.285314808E0,1.244010031E-1,-4.994200170E-2,-4.455110133E-1,4.652417394E-1
2.290326193E0,9.813299775E-2,-4.224900156E-2,-4.309419990E-1,4.439888173E-1
2.295337605E0,7.754000276E-2,-2.626900002E-2,-3.401669860E-1,3.498801091E-1
2.300348990E0,6.025600061E-2,-1.382299978E-2,-2.428719997E-1,2.506165780E-1
2.305360374E0,6.942799687E-2,4.300999921E-3,-1.833949983E-1,1.961440051E-1
2.310371745E0,9.031400084E-2,1.112200040E-2,-1.490640044E-1,1.746436230E-1
2.315383130E0,1.156930029E-1,2.098199911E-2,-1.158600003E-1,1.650716659E-1
2.320394500E0,1.500310004E-1,4.873000085E-3,-1.164890006E-1,1.900071958E-1
2.325405885E0,1.745160073E-1,-4.042000044E-3,-1.334670037E-1,2.197398818E-1
2.330417270E0,1.894399971E-1,-3.897500038E-2,-1.292520016E-1,2.326212438E-1
2.335428670E0,2.157980055E-1,-8.326999843E-2,-1.369969994E-1,2.688323821E-1
2.340440055E0,2.069099993E-1,-1.195600033E-1,-7.459700108E-2,2.503418757E-1
2.345451424E0,1.729470044E-1,-1.484059989E-1,-4.856700078E-2,2.330102153E-1
2.350462808E0,1.541029960E-1,-1.793970019E-1,-2.525000088E-2,2.378415023E-1
2.355474188E0,1.543100029E-1,-1.963610053E-1,-5.343100056E-2,2.553900805E-1
2.360485572E0,1.451749951E-1,-2.161380053E-1,-8.994299918E-2,2.754653510E-1
2.365496957E0,1.362500042E-1,-2.076569945E-1,-1.179950014E-1,2.749696553E-1
2.370508351E0,1.136720031E-1,-1.854020059E-1,-1.518200040E-1,2.652254545E-1
2.375519736E0,1.172659993E-1,-1.658709943E-1,-1.822299957E-1,2.728960841E-1
2.380531145E0,1.254760027E-1,-1.273729950E-1,-1.904239953E-1,2.612075900E-1
2.385542454E0,1.242190003E-1,-1.007710025E-1,-1.889490038E-1,2.475618731E-1
2.390553913E0,1.230140030E-1,-7.688699663E-2,-2.200579941E-1,2.635708178E-1
2.395565237E0,1.240779981E-1,-7.925400138E-2,-2.319030017E-1,2.746917336E-1
2.400576696E0,1.575250030E-1,-8.555900306E-2,-1.923329979E-1,2.629190972E-1
2.405588074E0,1.876980066E-1,-1.074000001E-1,-1.260209978E-1,2.502930155E-1
2.410599459E0,1.915480047E-1,-1.489849985E-1,-1.749500073E-2,2.432966151E-1
2.415610857E0,1.465329975E-1,-1.914349943E-1,7.852300256E-2,2.535451406E-1
2.420622242E0,1.075000018E-1,-2.221180052E-1,2.350540012E-1,3.407976556E-1
2.425633626E0,8.125600219E-2,-2.432889938E-1,4.066010118E-1,4.807457282E-1
2.430644958E0,8.828199655E-2,-2.552649975E-1,5.534530282E-1,6.158442857E-1
2.435656418E0,8.824999630E-2,-2.445510030E-1,6.461740136E-1,6.965156931E-1
2.440667804E0,1.187890023E-1,-2.138279974E-1,7.213829756E-1,7.617260905E-1
2.445679136E0,1.765989959E-1,-1.739829928E-1,6.764010191E-1,7.203996292E-1
2.450690519E0,2.331549972E-1,-1.015079990E-1,6.051930189E-1,6.564478020E-1
2.455701907E0,3.024120033E-1,-1.597600058E-2,4.965569973E-1,5.816159419E-1
2.460713292E0,3.560979962E-1,7.285299897E-2,3.697670102E-1,5.184987794E-1
2.465724677E0,3.688609898E-1,1.384869963E-1,2.152490020E-1,4.489645986E-1
2.470736052E0,3.648059964E-1,1.789570004E-1,8.239100128E-2,4.146049929E-1
2.475747437E0,3.511759937E-1,2.160959989E-1,-2.698899992E-2,4.132196334E-1
2.480758817E0,3.119139969E-1,2.620750070E-1,-9.668499976E-2,4.187142700E-1
2.485770202E0,2.687099874E-1,2.880739868E-1,-1.744530052E-1,4.308428138E-1
2.490781587E0,2.124219984E-1,3.412480056E-1,-2.784000039E-1,4.889579419E-1
2.495792962E0,1.574199945E-1,4.163370132E-1,-3.982430100E-1,5.972562752E-1
2.500804347E0,8.755099773E-2,4.849730134E-1,-4.868789911E-1,6.927590872E-1
2.505815501E0,7.608999964E-3,5.162960291E-1,-5.758649707E-1,7.734597281E-1
2.510827114E0,-6.144899875E-2,5.252860188E-1,-6.326270103E-1,8.245715950E-1
2.515838501E0,-1.014460027E-1,5.064520240E-1,-5.998669863E-1,7.915967062E-1
2.520849900E0,-1.802860051E-1,4.315299988E-1,-5.695130229E-1,7.369302998E-1
2.525861054E0,-4.434219897E-1,4.159500003E-1,-6.043050289E-1,8.572176104E-1
2.530872437E0,-5.973749757E-1,3.564920127E-1,-3.875370026E-1,7.963217598E-1
2.535884042E0,-7.148079872E-1,2.735390067E-1,-2.712239921E-1,8.119953822E-1
2.540895429E0,-7.525219917E-1,1.363189965E-1,-1.835110039E-1,7.864785473E-1
2.545906814E0,-7.773150206E-1,-5.025399849E-2,-1.173010021E-1,7.877205283E-1
2.550918217E0,-7.843390107E-1,-2.498449981E-1,-2.285500057E-2,8.234880435E-1
2.555929371E0,-7.970089912E-1,-4.747279882E-1,5.017299950E-2,9.290356962E-1
2.560940984E0,-7.755519748E-1,-7.077479959E-1,1.613769978E-1,1.062276154E0
2.565952140E0,-7.187960148E-1,-8.918790221E-1,3.045920134E-1,1.185281484E0
2.570963523E0,-6.072329879E-1,-9.928020239E-1,4.346989989E-1,1.242316779E0
2.575974884E0,-5.168589950E-1,-1.006322026E0,4.672800004E-1,1.224000752E0
2.580986268E0,-4.635080099E-1,-1.004120946E0,3.884530067E-1,1.172175024E0
2.585997653E0,-4.044280052E-1,-9.404249787E-1,2.247769982E-1,1.048086757E0
2.591009037E0,-3.609299958E-1,-8.820970058E-1,-8.805800229E-2,9.571414740E-1
2.596020422E0,-3.072820008E-1,-8.297979832E-1,-4.632549882E-1,9.987953269E-1
2.601031807E0,-2.423470020E-1,-7.815350294E-1,-7.744370103E-1,1.126624052E0
2.606043192E0,-1.798740029E-1,-7.008090019E-1,-1.024335980E0,1.254094141E0
2.611054591E0,-1.176889986E-1,-6.205880046E-1,-1.206467032E0,1.361816020E0
2.616065976E0,-8.457200229E-2,-5.191259980E-1,-1.273242950E0,1.377603657E0
2.621077361E0,-5.928999931E-2,-3.961549997E-1,-1.246521950E0,1.309301745E0
2.626088737E0,-1.510799956E-2,-2.898910046E-1,-1.124106050E0,1.160982109E0
2.631100122E0,2.979299985E-2,-1.650899947E-1,-9.463739991E-1,9.611275021E-1
2.636111429E0,4.040199891E-2,-5.296599865E-2,-7.779160142E-1,7.807631162E-1
2.641122802E0,1.781399921E-2,7.217700034E-2,-6.300230026E-1,6.343940745E-1
2.646134186E0,-1.587099954E-2,2.004700005E-1,-5.023840070E-1,5.411375058E-1
2.651145624E0,-4.844800010E-2,2.573300004E-1,-4.495350122E-1,5.202380850E-1
2.656156934E0,-1.193950027E-1,2.474759966E-1,-4.595920146E-1,5.354664839E-1
2.661168316E0,-1.437129974E-1,2.271170020E-1,-4.190739989E-1,4.978539694E-1
2.666179691E0,-1.158050001E-1,2.277310044E-1,-3.473779857E-1,4.312118660E-1
2.671191076E0,-6.285600364E-2,1.925320029E-1,-2.476080060E-1,3.198893152E-1
2.676202489E0,-1.584400050E-2,1.354359984E-1,-1.766169965E-1,2.231311397E-1
2.681213874E0,1.151200011E-2,6.127500162E-2,-1.010169983E-1,1.187079859E-1
2.686225259E0,1.286900043E-2,-1.409000019E-3,-1.348999981E-2,1.869696628E-2
2.691236644E0,3.545600176E-2,-6.043700129E-2,5.100899935E-2,8.666993250E-2
2.696248029E0,8.573599905E-2,-7.105699927E-2,1.102579981E-1,1.567054078E-1
2.701259419E0,1.768440008E-1,-6.038200110E-2,1.367210001E-1,2.315435565E-1
2.706270804E0,2.607379854E-1,-1.182229966E-1,2.434000000E-2,2.873210914E-1
2.711282189E0,2.934570014E-1,-2.013179958E-1,-1.077020019E-1,3.718140239E-1
2.716293592E0,3.091869950E-1,-2.256139964E-1,-1.785369962E-1,4.223431452E-1
2.721304976E0,2.969030142E-1,-2.621090114E-1,-2.084340006E-1,4.475458259E-1
2.726316351E0,2.899489999E-1,-2.745049894E-1,-2.002750039E-1,4.466917158E-1
2.731327506E0,2.580319941E-1,-2.955810130E-1,-1.478819996E-1,4.193062497E-1
2.736339120E0,2.251529992E-1,-2.938989997E-1,-5.405899882E-2,3.741562112E-1
2.741350501E0,2.098799944E-1,-2.764909863E-1,7.393500209E-2,3.549130346E-1
2.746361655E0,2.372120023E-1,-2.341199964E-1,2.104009986E-1,3.941450075E-1
2.751373038E0,2.661469877E-1,-1.967850029E-1,2.708080113E-1,4.276628759E-1
2.756384431E0,2.408879995E-1,-1.696449965E-1,3.056240082E-1,4.245144138E-1
2.761395816E0,1.885489970E-1,-1.626060009E-1,3.031649888E-1,3.923014736E-1
2.766407206E0,1.357470006E-1,-1.075280011E-1,2.433319986E-1,2.986636582E-1
2.771418590E0,1.154719964E-1,-4.496200010E-2,1.762699932E-1,2.154680345E-1
2.776429975E0,1.518599968E-2,3.398700058E-2,-8.854199946E-2,9.604903156E-2
2.781441360E0,-3.497099876E-2,9.879700094E-2,-3.410469890E-1,3.567868647E-1
2.786452745E0,-9.693700075E-2,1.737470031E-1,-7.224119902E-1,7.493089394E-1
2.791464044E0,-1.497129947E-1,2.332949936E-1,-1.070727944E0,1.106028420E0
2.796475427E0,-1.614149958E-1,2.818619907E-1,-1.321130991E0,1.360473476E0
2.801486859E0,-1.586730033E-1,3.051919937E-1,-1.311915994E0,1.356260613E0
2.806498169E0,-1.418000013E-1,2.575860023E-1,-1.077288032E0,1.116694807E0
2.811509527E0,-5.016399920E-2,9.873499721E-2,-4.396049976E-1,4.533404686E-1
2.816520989E0,-1.668429971E-1,2.630200051E-2,-1.627389938E-1,2.345471402E-1
2.821532299E0,-2.592790127E-1,-8.698499948E-2,2.514260113E-1,3.714929821E-1
2.826543677E0,-2.102420032E-1,-2.412959933E-1,8.225219846E-1,8.825915655E-1
2.831555062E0,-1.606220007E-1,-3.545170128E-1,1.194179058E0,1.256003727E0
2.836566451E0,-1.220100001E-1,-4.286699891E-1,1.280725002E0,1.356060814E0
2.841577835E0,-8.025900275E-2,-4.588199854E-1,1.216397047E0,1.302527951E0
2.846589220E0,-7.763800025E-2,-4.683189988E-1,1.017474055E0,1.122766136E0
2.851600386E0,-6.689900160E-2,-5.045689940E-1,7.886840105E-1,9.386627800E-1
2.856611768E0,-6.927300245E-2,-5.192559958E-1,5.964009762E-1,7.938007700E-1
2.861623158E0,-4.030599818E-2,-4.820179939E-1,3.864690065E-1,6.191318220E-1
2.866634543E0,-1.132399961E-2,-4.780029953E-1,2.008049935E-1,5.185920765E-1
2.871645912E0,5.481500179E-2,-4.676429927E-1,-6.696099788E-2,4.755821993E-1
2.876657528E0,1.015240029E-1,-4.801439941E-1,-2.419980019E-1,5.471822467E-1
2.881668689E0,1.459160000E-1,-4.948770106E-1,-3.259899914E-1,6.102984591E-1
2.886680303E0,1.674109995E-1,-5.092139840E-1,-3.815119863E-1,6.579336744E-1
2.891691449E0,1.786029935E-1,-5.060430169E-1,-3.946599960E-1,6.661344284E-1
2.896702831E0,1.940619946E-1,-5.043150187E-1,-3.800129890E-1,6.606084828E-1
2.901714216E0,2.022480071E-1,-5.018939972E-1,-3.636499941E-1,6.519533411E-1
2.906725596E0,1.708800048E-1,-4.872669876E-1,-3.547750115E-1,6.264937366E-1
2.911736980E0,1.173740029E-1,-4.707080126E-1,-3.742409945E-1,6.126981407E-1
2.916748375E0,4.482899979E-2,-4.520089924E-1,-3.768970072E-1,5.902314144E-1
2.921759760E0,-2.994400077E-2,-4.429909885E-1,-3.724789917E-1,5.795500482E-1
2.926771145E0,-1.067759991E-1,-4.028750062E-1,-3.347890079E-1,5.345961695E-1
2.931782454E0,-1.763470024E-1,-3.580470085E-1,-2.924439907E-1,4.947922930E-1
2.936793913E0,-2.180880010E-1,-2.871200144E-1,-2.379969954E-1,4.320218151E-1
2.941805194E0,-2.397399992E-1,-2.091650069E-1,-1.714629978E-1,3.614205679E-1
2.946816577E0,-2.280880064E-1,-1.195129976E-1,-1.045610011E-1,2.779217483E-1
2.951827961E0,-1.444579959E-1,-2.332499996E-2,-6.540899724E-2,1.602825790E-1
2.956839346E0,-2.258819938E-1,9.315299988E-2,-1.830009967E-1,3.052695879E-1
2.961850731E0,-1.797669977E-1,1.816039979E-1,-7.137999684E-2,2.653135682E-1
2.966862144E0,-1.164650023E-1,2.622340024E-1,-5.936399847E-2,2.930099880E-1
2.971873529E0,-3.427400067E-2,2.951929867E-1,-4.006800056E-2,2.998650550E-1
2.976884909E0,3.609599918E-2,3.145099878E-1,5.067000166E-3,3.166151103E-1
2.981896064E0,1.067949980E-1,3.107619882E-1,4.716299847E-2,3.319676691E-1
2.986907701E0,1.520970017E-1,2.844190001E-1,1.096149981E-1,3.406510140E-1
2.991919087E0,1.914190054E-1,2.545860112E-1,1.756989956E-1,3.637655973E-1
2.996930241E0,3.206650019E-1,1.449099928E-1,3.315519989E-1,4.834787249E-1
3.001941638E0,1.949039996E-1,2.323880047E-1,3.400500119E-2,3.052017265E-1
3.006953022E0,1.818459928E-1,1.745959967E-1,2.119379938E-1,3.293469908E-1
3.011964407E0,1.204150021E-1,1.316020042E-1,2.265760005E-1,2.883670304E-1
3.016975797E0,6.762000173E-2,9.752199799E-2,1.867360026E-1,2.212540155E-1
3.021987181E0,3.954200074E-2,5.566800013E-2,1.402830034E-1,1.560186435E-1
3.026998571E0,2.622699924E-2,2.066499926E-2,1.228739992E-1,1.273299547E-1
3.032009956E0,8.856999688E-3,-6.089999806E-4,1.060570031E-1,1.064279345E-1
3.037021341E0,-2.179400064E-2,-2.053200081E-2,7.344199717E-2,7.931121276E-2
3.042032726E0,-5.833499879E-2,-2.318600006E-2,1.146099996E-2,6.381157577E-2
3.047044035E0,-8.674599975E-2,-1.840100065E-2,-6.525900215E-2,1.101008749E-1
3.052055427E0,-1.396259964E-1,-8.790000342E-3,-1.494269967E-1,2.046976070E-1
3.057066812E0,-1.839289963E-1,2.208900079E-2,-2.430929989E-1,3.056337772E-1
3.062078191E0,-1.872790009E-1,6.058299914E-2,-2.941890061E-1,3.539645396E-1
3.067089653E0,-1.834439933E-1,1.160240024E-1,-3.574900031E-1,4.182252625E-1
3.072100963E0,-1.656270027E-1,1.724430025E-1,-3.762890100E-1,4.458276710E-1
3.077112360E0,-1.364790052E-1,2.063139975E-1,-4.012039900E-1,4.713349404E-1
3.082123745E0,-1.010740027E-1,2.466720045E-1,-4.038029909E-1,4.838593672E-1
3.087135140E0,-5.485299975E-2,2.791999876E-1,-4.152100086E-1,5.033496160E-1
3.092146295E0,6.419999991E-3,3.041720092E-1,-4.188899994E-1,5.177167751E-1
3.097157678E0,6.368400156E-2,3.074840009E-1,-4.294520020E-1,5.320066587E-1
3.102169048E0,1.287939996E-1,3.018189967E-1,-4.045279920E-1,5.208891412E-1
3.107180432E0,1.920569986E-1,2.777140141E-1,-3.872829974E-1,5.138084121E-1
3.112191812E0,2.348140031E-1,2.357620001E-1,-3.400669992E-1,4.757803072E-1
3.117203197E0,2.575759888E-1,1.855169982E-1,-2.940239906E-1,4.326800824E-1
3.122214596E0,2.677739859E-1,1.247669980E-1,-2.397899926E-1,3.804851532E-1
3.127225981E0,2.541100085E-1,6.783899665E-2,-1.821859926E-1,3.199464983E-1
3.132237366E0,2.242430001E-1,1.231900044E-2,-1.164589971E-1,2.529809853E-1
3.137248751E0,1.901710033E-1,-3.994899988E-2,-8.035200089E-2,2.102792837E-1
3.142260126E0,1.428270042E-1,-8.405499905E-2,-2.857900038E-2,1.681712082E-1
3.147271511E0,1.127469987E-1,-1.225360036E-1,1.992399991E-2,1.677018892E-1
3.152282819E0,9.494899958E-2,-1.551270038E-1,9.123799950E-2,2.034799066E-1
3.157294202E0,1.799400002E-1,-1.966259927E-1,2.770749927E-1,3.844616186E-1
3.162305586E0,6.733799726E-2,-2.114499956E-1,1.466399990E-2,2.223972559E-1
3.167316971E0,3.378599882E-2,-1.798480004E-1,-1.183700003E-2,1.833764203E-1
3.172328356E0,2.190300077E-2,-1.622689962E-1,3.550000116E-2,1.675446766E-1
3.177339822E0,1.016800012E-2,-1.416350007E-1,-5.665799975E-2,1.528855473E-1
3.182351132E0,-1.462999964E-3,-1.251720041E-1,-1.686179936E-1,2.100052350E-1
3.187362514E0,1.247700024E-2,-1.078889966E-1,-2.813450098E-1,3.015803801E-1
3.192373909E0,1.204199996E-2,-8.229400218E-2,-3.688980043E-1,3.781574409E-1
3.197385065E0,1.279419959E-1,-8.344700187E-2,-3.120500147E-1,3.474302349E-1
3.202396673E0,-2.400200069E-2,-2.217599936E-2,-7.059280276E-1,7.066839825E-1
3.207407829E0,2.810399979E-2,9.212999605E-3,-5.121210217E-1,5.129743220E-1
3.212419212E0,1.670000056E-4,2.015399933E-2,-4.822440147E-1,4.826649991E-1
3.217430817E0,-1.241999958E-2,4.089299962E-2,-4.909870028E-1,4.928435155E-1
3.222442204E0,-1.019600034E-2,5.267599970E-2,-4.788480103E-1,4.818445147E-1
3.227453363E0,2.014599927E-2,6.813400239E-2,-4.152680039E-1,4.213022889E-1
3.232464745E0,4.298700020E-2,1.014349982E-1,-3.311980069E-1,3.490401994E-1
3.237476055E0,1.074550003E-1,9.982399642E-2,-1.330489963E-1,1.980238439E-1
3.242487500E0,7.786999922E-3,1.026109979E-1,-2.890720069E-1,3.068424342E-1
3.247498886E0,-7.954300195E-2,9.662999958E-2,-6.809300184E-2,1.424819388E-1
3.252510271E0,-1.500290036E-1,6.639300287E-2,6.204000115E-2,1.754015237E-1
3.257521579E0,-1.717769951E-1,5.329599977E-2,1.007760018E-1,2.061640176E-1
3.262533038E0,-1.694930047E-1,4.056100175E-2,1.415569931E-1,2.245249559E-1
3.267544405E0,-1.972810030E-1,2.321499959E-2,1.653250009E-1,2.584397150E-1
3.272555712E0,-2.102109939E-1,1.030000020E-2,1.511240005E-1,2.591007825E-1
3.277567086E0,-1.900909990E-1,2.800399996E-2,1.542209983E-1,2.463796425E-1
3.282578471E0,-1.610949934E-1,4.459000006E-2,1.082499996E-1,1.991429823E-1
3.287589859E0,-1.212069988E-1,3.476800025E-2,9.359599650E-2,1.570355405E-1
3.292601244E0,-9.400600195E-2,3.875299916E-2,6.999299675E-2,1.234420631E-1
3.297612629E0,-7.218399644E-2,4.013599828E-2,5.862500146E-2,1.012833574E-1
3.302623765E0,-3.954299912E-2,3.657099977E-2,5.232600123E-2,7.509392258E-2
3.307635148E0,-1.274199970E-2,9.197000414E-3,4.362900183E-2,4.637276327E-2
3.312646523E0,-1.474200003E-2,-1.429000054E-3,4.451899976E-2,4.691811958E-2
3.317657907E0,-1.228999998E-2,-1.689600013E-2,3.593200073E-2,4.156473982E-2
3.322669307E0,-3.582800180E-2,-2.789800055E-2,2.044600062E-2,4.979942860E-2
3.327680692E0,-5.429000035E-2,-3.895200044E-2,2.173499949E-2,7.026430587E-2
3.332692085E0,-6.802900136E-2,-5.225199834E-2,3.246700019E-2,9.171871377E-2
3.337703470E0,-4.951999988E-3,-5.462199822E-2,1.330340058E-1,1.438962532E-1
3.342714841E0,-2.968499996E-2,-4.855199903E-2,-7.414700091E-2,9.346803505E-2
3.347726150E0,-9.397099912E-2,-1.592000015E-2,5.481000058E-3,9.546746274E-2
3.352737610E0,-1.054029986E-1,-2.273299918E-2,1.030440032E-1,1.491463978E-1
3.357748924E0,-8.646000177E-2,-2.986299992E-2,9.569799900E-2,1.323829207E-1
3.362760307E0,-7.060699910E-2,-6.581299752E-2,7.177399844E-2,1.202838552E-1
3.367771692E0,-9.240200371E-2,-8.514600247E-2,6.466799974E-2,1.413149752E-1
3.372783061E0,-9.964600205E-2,-1.026799977E-1,2.222199924E-2,1.447975307E-1
3.377794446E0,-9.733500332E-2,-9.708900005E-2,-9.877000004E-3,1.378329856E-1
3.382805836E0,-1.135400012E-1,-8.260899782E-2,-3.420300037E-2,1.445179007E-1
3.387817221E0,-1.198889986E-1,-5.706299841E-2,-6.486999989E-2,1.477757580E-1
3.392828381E0,-1.121060029E-1,-3.258800134E-2,-1.112380028E-1,1.612564013E-1
3.397839994E0,-1.044600010E-1,-1.799900085E-2,-1.166099980E-1,1.575872694E-1
3.402851150E0,-9.702099860E-2,1.510400046E-2,-1.285350025E-1,1.617481124E-1
3.407862764E0,-8.507099748E-2,3.110699914E-2,-1.377020031E-1,1.648228190E-1
3.412873920E0,-7.574799657E-2,5.156699941E-2,-1.465259939E-1,1.728200837E-1
3.417885297E0,-5.032899976E-2,6.924299896E-2,-1.573040038E-1,1.790869921E-1
3.422896913E0,-9.986200184E-2,3.420799971E-2,-1.968760043E-1,2.233892740E-1
3.427908087E0,-1.083950028E-1,1.854100078E-2,-2.079740018E-1,2.352582214E-1
3.432919470E0,-1.096870005E-1,3.091000021E-3,-2.121050060E-1,2.388081362E-1
3.437930860E0,-1.202080026E-1,-2.149599977E-2,-2.166800052E-1,2.487212628E-1
3.442942244E0,-1.164299995E-1,-4.089200124E-2,-2.216400057E-1,2.536777339E-1
3.447953629E0,-1.128159985E-1,-5.283299834E-2,-2.196689993E-1,2.525336502E-1
3.452964929E0,-1.070519984E-1,-7.376199961E-2,-2.158470005E-1,2.519739879E-1
3.457976311E0,-9.910500050E-2,-9.629999846E-2,-1.984059960E-1,2.417859178E-1
3.462987706E0,-1.147579998E-1,-1.209030002E-1,-2.076340020E-1,2.662683097E-1
3.467999091E0,-1.043979973E-1,-1.188659966E-1,-1.979960054E-1,2.534373397E-1
3.473010475E0,-1.013519987E-1,-1.000199988E-1,-1.812250018E-1,2.304750075E-1
3.478021631E0,-8.212800324E-2,-7.381299883E-2,-1.478279978E-1,1.845168953E-1
3.483033244E0,-8.658300340E-2,-5.921600014E-2,-1.100080013E-1,1.520029983E-1
3.488044424E0,-9.091299772E-2,-3.722900152E-2,-6.761900336E-2,1.192623215E-1
3.493055807E0,-9.515800327E-2,-1.786500029E-2,-5.372900143E-2,1.107294424E-1
3.498067191E0,-1.087019965E-1,8.121999912E-3,-5.607099831E-2,1.225807806E-1
3.503078585E0,-6.635499746E-2,5.421800166E-2,-1.071489975E-1,1.371987065E-1
3.508089970E0,-4.152699932E-2,8.272600174E-2,-1.334179938E-1,1.623836325E-1
3.513101364E0,-7.574500144E-2,4.866600037E-2,-1.929080039E-1,2.128830261E-1
3.518112674E0,-8.828900009E-2,4.028899968E-2,-2.541809976E-1,2.720774349E-1
3.523124057E0,-7.734899968E-2,4.845599830E-2,-2.769230008E-1,2.915770908E-1
3.528135441E0,-4.351300001E-2,4.768599942E-2,-2.547290027E-1,2.627816594E-1
3.533146826E0,3.327999962E-3,5.026200041E-2,-2.046310008E-1,2.107396278E-1
3.538158211E0,2.338900045E-2,3.226599842E-2,-1.602189988E-1,1.651007800E-1
3.543169580E0,2.212099917E-2,-1.580000040E-3,-1.310600042E-1,1.329231346E-1
3.548180965E0,-4.476000089E-3,-4.436200112E-2,-1.313199997E-1,1.386829623E-1
3.553192131E0,-3.261600062E-2,-8.677999675E-2,-1.463640034E-1,1.732541279E-1
3.558203513E0,-4.368000105E-2,-1.077930033E-1,-1.780579984E-1,2.126779840E-1
3.563214908E0,-5.205199867E-2,-1.142250001E-1,-1.812800020E-1,2.204976198E-1
3.568226293E0,-5.299900100E-2,-1.291619986E-1,-1.377039999E-1,1.960971891E-1
3.573237662E0,-4.218899831E-2,-1.122779995E-1,-8.762499690E-2,1.485409063E-1
3.578249047E0,-3.152199835E-2,-9.238299727E-2,-2.856099978E-2,1.017053847E-1
3.583260431E0,-7.162999827E-3,-7.724700123E-2,-7.749999873E-3,7.796454491E-2
3.588271811E0,2.817800082E-2,-4.837299883E-2,-1.496899966E-2,5.794840548E-2
3.593283196E0,3.694500029E-2,-2.947700024E-2,-1.937700063E-2,5.108125628E-2
3.598294577E0,4.558299854E-2,-6.450000219E-3,-3.510300070E-2,5.789328905E-2
3.603305962E0,4.456900060E-2,-2.947000088E-3,-5.284399912E-2,6.919226017E-2
3.608317337E0,5.753200129E-2,-1.333499979E-2,-2.553999983E-2,6.434318132E-2
3.613328722E0,7.930400223E-2,-2.302899957E-2,1.312099956E-2,8.361590889E-2
3.618340088E0,8.879200369E-2,-4.636700079E-2,4.872699827E-2,1.113922755E-1
3.623351472E0,1.004000008E-1,-6.184000149E-2,9.087599814E-2,1.488717333E-1
3.628362780E0,1.116899997E-1,-7.261800021E-2,9.246599674E-2,1.621665519E-1
3.633374163E0,1.040659994E-1,-8.606299758E-2,7.516100258E-2,1.545501475E-1
3.638385547E0,1.176360026E-1,-8.818300068E-2,4.414699972E-2,1.535038381E-1
3.643396712E0,1.100030020E-1,-7.436700165E-2,9.108999744E-3,1.330942721E-1
3.648408326E0,1.094240025E-1,-6.619899720E-2,-2.987099998E-2,1.313323882E-1
3.653419482E0,9.945899993E-2,-6.588099897E-2,-7.779300213E-2,1.424224346E-1
3.658430850E0,8.966500312E-2,-6.593599916E-2,-1.038319990E-1,1.522118681E-1
3.663442235E0,7.306200266E-2,-7.574199885E-2,-1.297300011E-1,1.670472382E-1
3.668453614E0,6.607200205E-2,-7.343800366E-2,-1.318410039E-1,1.647443478E-1
3.673464999E0,4.981999844E-2,-7.591599971E-2,-1.411619931E-1,1.678451059E-1
3.678476309E0,3.846900165E-2,-7.610499859E-2,-1.527879983E-1,1.749743048E-1
3.683487676E0,3.194100037E-2,-7.841599733E-2,-1.431380063E-1,1.663062987E-1
3.688499061E0,2.316600084E-2,-8.053900301E-2,-1.384689957E-1,1.618544327E-1
3.693510432E0,1.695900038E-2,-7.758200169E-2,-1.245279983E-1,1.476949459E-1
3.698521893E0,2.254300006E-2,-7.685799897E-2,-1.226890013E-1,1.465193840E-1
3.703533188E0,2.098299935E-2,-9.012699872E-2,-1.188109964E-1,1.505961986E-1
3.708544571E0,2.645700052E-2,-9.606599808E-2,-1.246370003E-1,1.595713969E-1
3.713555955E0,2.956500091E-2,-8.972500265E-2,-1.068380028E-1,1.426149509E-1
3.718567340E0,5.130999908E-2,-7.838200033E-2,-9.159500152E-2,1.310194577E-1
3.723578496E0,6.556099653E-2,-7.883200049E-2,-9.084200114E-2,1.369853924E-1
3.728589902E0,6.566199660E-2,-7.649199665E-2,-7.134500146E-2,1.235015489E-1
3.733601287E0,6.828600168E-2,-7.380399853E-2,-5.219399929E-2,1.132882244E-1
3.738612672E0,6.638599932E-2,-8.018299937E-2,-2.875999920E-2,1.079979252E-1
3.743624056E0,7.161399722E-2,-8.381699771E-2,-1.044300012E-2,1.107380240E-1
3.748635441E0,7.222100347E-2,-7.303900272E-2,1.020099968E-2,1.032212655E-1
3.753646731E0,7.984600216E-2,-8.132299781E-2,1.164599974E-2,1.145619629E-1
3.758658114E0,7.803799957E-2,-8.715400100E-2,1.541700028E-2,1.179975981E-1
3.763669576E0,7.623200119E-2,-9.295800328E-2,1.677200012E-2,1.213828998E-1
3.768680885E0,6.980500370E-2,-8.972600102E-2,-5.301000085E-3,1.138050720E-1
3.773692268E0,5.185500160E-2,-9.634999931E-2,-1.517700031E-2,1.104654014E-1
3.778703672E0,4.359700158E-2,-1.148850024E-1,-2.511299960E-2,1.254189980E-1
3.783715056E0,4.703500122E-2,-1.122990027E-1,-4.419900104E-2,1.295257080E-1
3.788726456E0,5.027699843E-2,-1.161599979E-1,1.021900028E-2,1.269856277E-1
3.793737841E0,5.327799916E-2,-1.194569990E-1,5.695100129E-2,1.426602129E-1
3.798749005E0,6.532599777E-2,-1.157969981E-1,6.805100292E-2,1.493565190E-1
3.803760388E0,6.066799909E-2,-1.122770011E-1,8.646500111E-2,1.541522868E-1
3.808771773E0,6.532999873E-2,-1.073950008E-1,4.366799816E-2,1.330736224E-1
3.813783172E0,4.880499840E-2,-1.031450033E-1,2.297100052E-2,1.163979658E-1
3.818794557E0,4.195699841E-2,-9.740699828E-2,-2.080300078E-2,1.080799605E-1
3.823805942E0,3.519000113E-2,-9.033100307E-2,-7.794699818E-2,1.243935723E-1
3.828817326E0,3.566800058E-2,-6.527899951E-2,-1.315959990E-1,1.511656740E-1
3.833828711E0,3.382299840E-2,-4.564699903E-2,-1.679019928E-1,1.772532734E-1
3.838840020E0,3.917999938E-2,-1.926200092E-2,-1.846600026E-1,1.897509251E-1
3.843851418E0,1.907099970E-2,-9.603999555E-3,-1.871650070E-1,1.883790850E-1
3.848862880E0,-2.621999942E-3,-1.985999988E-3,-1.685460061E-1,1.685780984E-1
3.853874194E0,-2.353000082E-2,-9.430000209E-4,-1.410039961E-1,1.429569065E-1
3.858885577E0,-3.435499966E-2,-8.741999976E-3,-1.070239991E-1,1.127422944E-1
3.863896747E0,-4.013900086E-2,-3.684300184E-2,-5.988499895E-2,8.096146783E-2
3.868908360E0,-5.495100096E-2,-4.514300078E-2,-2.777699940E-2,7.634831184E-2
3.873919766E0,-5.072399974E-2,-5.533200130E-2,-9.239999927E-4,7.506935655E-2
3.878931150E0,-5.132199824E-2,-6.551100314E-2,-2.791000064E-3,8.326721273E-2
3.883942324E0,-3.567200154E-2,-6.358899921E-2,1.201399975E-2,7.389444299E-2
3.888953707E0,-3.223999962E-2,-5.490300059E-2,-6.262999959E-3,6.397641924E-2
3.893965092E0,-1.961199939E-2,-7.226199657E-2,-8.015000261E-3,7.530383056E-2
3.898976495E0,1.785999979E-3,-6.593699753E-2,-1.663599908E-2,6.802671464E-2
3.903987805E0,1.080300007E-2,-8.848199993E-2,-5.139400065E-2,1.028936948E-1
3.908999193E0,1.247600000E-2,-9.203100204E-2,-6.206699833E-2,1.117034834E-1
3.914010577E0,2.086899988E-2,-1.052609980E-1,-8.694999665E-2,1.381147884E-1
3.919021952E0,1.969899982E-2,-1.063079983E-1,-7.375200093E-2,1.308770367E-1
3.924033336E0,1.850000024E-2,-1.075000018E-1,-8.434300125E-2,1.378848877E-1
3.929044711E0,2.666700073E-2,-1.012199968E-1,-5.929800123E-2,1.203032403E-1
3.934056096E0,2.304299921E-2,-1.043640003E-1,-4.397900030E-2,1.155723878E-1
3.939067491E0,-1.171999960E-3,-9.812200069E-2,-4.053999856E-2,1.061734057E-1
3.944078646E0,-1.755999960E-2,-9.682799876E-2,-3.940299898E-2,1.060028833E-1
3.949090038E0,-1.470299996E-2,-7.941900194E-2,-4.724799842E-2,9.357312344E-2
3.954101422E0,-3.028799966E-2,-7.716999948E-2,-8.311799914E-2,1.173932431E-1
3.959112793E0,-4.295000061E-2,-5.432400107E-2,-1.061879992E-1,1.267741726E-1
3.964124178E0,-5.048099905E-2,-4.837900028E-2,-1.004320011E-1,1.223742039E-1
3.969135562E0,-3.912299871E-2,-4.258599877E-2,-9.929499775E-2,1.149072361E-1
3.974146933E0,-2.802000009E-2,-3.941100091E-2,-1.027060002E-1,1.135203501E-1
3.979158243E0,-1.951899938E-2,-5.068000033E-2,-1.155859977E-1,1.277089528E-1
3.984169644E0,-1.594300009E-2,-4.530899972E-2,-1.115979999E-1,1.214956719E-1
3.989181029E0,1.078400016E-2,-4.695700109E-2,-1.028990000E-1,1.136197994E-1
3.994192404E0,2.039900050E-2,-5.335700139E-2,-1.085549966E-1,1.226673392E-1
3.999203788E0,1.571499929E-2,-6.428399682E-2,-9.770999849E-2,1.180111743E-1
4.004215173E0,2.035300061E-2,-7.281100005E-2,-1.012059972E-1,1.263263244E-1
4.009226329E0,1.550900005E-2,-7.614199817E-2,-8.116900176E-2,1.123678771E-1
4.014237711E0,1.761200093E-2,-7.225599885E-2,-7.789699733E-2,1.076989050E-1
4.019249086E0,7.890000008E-3,-6.838899851E-2,-7.461900264E-2,1.015248875E-1
4.024260471E0,-1.709999982E-3,-6.227999926E-2,-8.317399770E-2,1.039212986E-1
4.029271855E0,-4.267999902E-3,-3.726100177E-2,-7.474499941E-2,8.362662861E-2
4.034283244E0,-1.383700036E-2,-1.251600031E-2,-6.846299767E-2,7.095981182E-2
4.039294628E0,-1.166999992E-2,7.009000052E-3,-7.610599697E-2,7.731389108E-2
4.044306013E0,-1.898100041E-2,2.176200040E-2,-6.223199889E-2,6.860528204E-2
4.049317389E0,-2.386599965E-2,3.627400100E-2,-6.488200277E-2,7.807088684E-2
4.054328698E0,-2.625500038E-2,3.438799828E-2,-4.394700006E-2,6.167007609E-2
4.059340081E0,-4.247900099E-2,3.038699925E-2,-2.571900003E-2,5.821771389E-2
4.064351466E0,-4.871900007E-2,1.950200088E-2,-1.737800054E-2,5.527986893E-2
4.069362821E0,-5.461300164E-2,1.376600005E-2,9.724999778E-3,5.715468770E-2
4.074374206E0,-1.597600058E-2,1.075899974E-2,3.659699857E-2,4.135612378E-2
4.079385357E0,-3.860000148E-2,-1.347700041E-2,5.351800099E-2,6.734809637E-2
4.084396739E0,-9.993299842E-2,-7.559999824E-2,3.637000173E-2,1.304788908E-1
4.089408124E0,-1.199660003E-1,-1.088830009E-1,2.383299917E-2,1.637539647E-1
4.094419509E0,-1.186430007E-1,-1.118230000E-1,-2.145699970E-2,1.644413202E-1
4.099430818E0,-8.264800161E-2,-1.108660027E-1,-7.057300210E-2,1.552498353E-1
4.104442278E0,-5.473199859E-2,-8.421599865E-2,-8.550400287E-2,1.319047406E-1
4.109453664E0,-2.536400035E-2,-5.809300020E-2,-9.745100141E-2,1.162532875E-1
4.114465049E0,-1.556899957E-2,-5.812099949E-2,-9.037599713E-2,1.085737776E-1
4.119476372E0,3.134000115E-3,-2.272200026E-2,-8.757899702E-2,9.053282262E-2
4.124487754E0,1.884699985E-2,-1.828899980E-2,-7.528900355E-2,7.973788919E-2
4.129499139E0,2.690700069E-2,-6.591000129E-3,-5.824799836E-2,6.450005645E-2
4.134510538E0,2.762299962E-2,1.625999995E-2,-8.348699659E-2,8.942872193E-2
4.139521694E0,9.595000185E-3,3.629000112E-2,-9.159699827E-2,9.899009194E-2
4.144533283E0,-3.378000110E-3,3.730399907E-2,-9.267099947E-2,9.995455654E-2
4.149544439E0,-1.382199954E-2,2.857800014E-2,-1.199159995E-1,1.240467520E-1
4.154555821E0,-2.639099956E-2,1.806800067E-2,-1.022989973E-1,1.071821924E-1
4.159567206E0,-3.397500142E-2,1.043200027E-2,-8.994799852E-2,9.671488918E-2
4.164578591E0,-2.270600013E-2,2.509999904E-4,-1.276720017E-1,1.296756163E-1
4.169589919E0,-4.596999846E-3,-3.459999862E-4,-1.510140002E-1,1.510843485E-1
4.174601302E0,-2.392899990E-2,-3.102900088E-2,-1.347409934E-1,1.403229533E-1
4.179612687E0,-2.872600034E-2,-7.275900245E-2,-1.361189932E-1,1.569950185E-1
4.184624066E0,1.433999976E-3,-1.117110029E-1,-1.736740023E-1,2.065043912E-1
4.189635451E0,2.895999933E-3,-1.385899931E-1,-2.161200047E-1,2.567555830E-1
4.194646836E0,-1.432999969E-2,-1.697929949E-1,-2.423059940E-1,2.962215467E-1
4.199658001E0,-3.110099956E-2,-2.096550018E-1,-2.526639998E-1,3.297902193E-1
4.204669384E0,-2.432299964E-2,-2.083889991E-1,-2.466699928E-1,3.238266027E-1
4.209680769E0,-2.930100076E-2,-2.105289996E-1,-1.845930070E-1,2.815236873E-1
4.214692384E0,-3.637300059E-2,-1.973930001E-1,-1.210360005E-1,2.343858040E-1
4.219703771E0,-3.160199896E-2,-1.737769991E-1,-3.919399902E-2,1.809234681E-1
4.224714925E0,-3.168899938E-2,-1.309850067E-1,1.630399935E-2,1.357463998E-1
4.229726317E0,-2.475900017E-2,-8.372499794E-2,6.495399773E-2,1.088205182E-1
4.234737702E0,-2.271400020E-2,-6.597100198E-2,5.215699971E-2,8.711171865E-2
4.239749021E0,-4.159500077E-2,-4.184399918E-2,4.725800082E-2,7.559353807E-2
4.244760481E0,-5.990500003E-2,-3.731599823E-2,4.752799869E-2,8.508820959E-2
4.249771868E0,-5.684699863E-2,-4.054699838E-2,2.922599949E-2,7.569543829E-2
4.254783175E0,-6.308799982E-2,-5.334499851E-2,3.721899912E-2,9.061478071E-2
4.259794558E0,-7.137899846E-2,-7.305999845E-2,5.450100079E-2,1.157716886E-1
4.264805938E0,-5.598200113E-2,-8.535800129E-2,7.636500150E-2,1.274817096E-1
4.269817093E0,-3.849799931E-2,-9.319999814E-2,6.267999858E-2,1.187312841E-1
4.274828476E0,-2.837999910E-2,-9.682399780E-2,3.280499950E-2,1.060965546E-1
4.279839875E0,-2.129999921E-3,-1.011120006E-1,-8.340000175E-3,1.014777275E-1
4.284851259E0,2.483000048E-3,-9.637799859E-2,-4.177699983E-2,1.050723637E-1
4.289862649E0,3.028099984E-2,-7.546599954E-2,-6.741800159E-2,1.056278513E-1
4.294874034E0,3.867200017E-2,-7.156199962E-2,-9.757199883E-2,1.270312495E-1
4.299885338E0,4.229500145E-2,-5.789899826E-2,-8.244200051E-2,1.092604439E-1
4.304896721E0,5.515300110E-2,-5.351899937E-2,-7.473599911E-2,1.071989104E-1
4.309908106E0,4.682800174E-2,-4.859900102E-2,-4.843299836E-2,8.306912770E-2
4.314919495E0,3.665700182E-2,-5.525200069E-2,-3.452099860E-2,7.475438922E-2
4.319930880E0,1.991100051E-2,-5.942799896E-2,-3.510399908E-2,7.183610341E-2
4.324942259E0,1.293700002E-2,-4.467400163E-2,-3.310900182E-2,5.709061563E-2
4.329953644E0,8.337999694E-3,-2.834500000E-2,-6.861899793E-2,7.470962549E-2
4.334964795E0,1.064900029E-2,-3.359499946E-2,-7.773800194E-2,8.535351277E-2
4.339976178E0,-5.756000057E-3,-3.634899855E-2,-7.264000177E-2,8.143065203E-2
4.344987808E0,-1.727199927E-2,-4.621599987E-2,-8.675900102E-2,9.980663736E-2
4.349998964E0,-1.926200092E-2,-4.896099865E-2,-9.603200108E-2,1.095004534E-1
4.355010331E0,-3.296500072E-2,-5.862599984E-2,-8.882600069E-2,1.114170433E-1
4.360021641E0,-3.020399995E-2,-8.254399896E-2,-1.104080006E-1,1.411230668E-1
4.365033005E0,-1.156200003E-2,-9.426400065E-2,-1.129869968E-1,1.475989265E-1
4.370044389E0,-2.956999931E-3,-1.103349999E-1,-1.087580025E-1,1.549543777E-1
4.375055760E0,5.286000203E-3,-9.538300335E-2,-1.020219997E-1,1.397653303E-1
4.380067145E0,4.344300181E-2,-7.568400353E-2,-9.274200350E-2,1.273437945E-1
4.385078529E0,1.561100036E-2,-8.655499667E-2,-7.210599631E-2,1.137310225E-1
4.390089918E0,-4.501999822E-3,-1.063010022E-1,-5.218600109E-2,1.185054842E-1
4.395101074E0,2.706299908E-2,-1.066500023E-1,-3.959200159E-2,1.169365448E-1
4.400112466E0,5.541300029E-2,-1.141910031E-1,-4.844300076E-2,1.358562112E-1
4.405123851E0,6.218799949E-2,-1.026310027E-1,-3.331800178E-2,1.245413957E-1
4.410135241E0,4.806099832E-2,-8.435700089E-2,-3.934599832E-2,1.047571990E-1
4.415146625E0,4.602500051E-2,-8.314099908E-2,-5.466400087E-2,1.096306499E-1
4.420158010E0,4.894499853E-2,-7.968900353E-2,-5.788400024E-2,1.099841245E-1
4.425169395E0,4.257899895E-2,-8.142899722E-2,-8.227899671E-2,1.233429610E-1
4.430180704E0,3.885199875E-2,-7.616899908E-2,-8.738800138E-2,1.222614290E-1
4.435192164E0,3.071399964E-2,-7.076399773E-2,-7.113199681E-2,1.049316640E-1
4.440203550E0,2.298399992E-2,-5.527399853E-2,-1.233199984E-2,6.111920636E-2
4.445214848E0,3.649200127E-2,-5.093999952E-2,5.530000106E-2,8.357415763E-2
4.450226231E0,2.880199999E-2,-3.759400174E-2,5.164400116E-2,7.007115687E-2
4.455237387E0,3.063800000E-2,-2.279300056E-2,1.777599938E-2,4.212118318E-2
4.460248769E0,2.536799945E-2,-1.355999988E-2,-2.014099993E-2,3.511508039E-2
4.465260154E0,2.021599934E-2,-9.959000163E-3,-7.640899718E-2,7.966306022E-2
4.470271534E0,1.736400090E-2,-9.126000106E-3,-1.083810031E-1,1.101418823E-1
4.475282918E0,1.212900039E-2,-1.763899997E-2,-1.142489985E-1,1.162371740E-1
4.480294308E0,2.323899977E-2,-3.047499992E-2,-1.109429970E-1,1.173759998E-1
4.485305617E0,3.635299951E-2,-2.162599936E-2,-1.077390015E-1,1.157450512E-1
4.490317000E0,3.511599824E-2,-3.613099828E-2,-8.594200015E-2,9.962233564E-2
4.495328390E0,3.392099962E-2,-5.277799815E-2,-9.310100228E-2,1.122673057E-1
4.500339774E0,1.866799966E-2,-6.927900016E-2,-1.028209999E-1,1.253803497E-1
4.505351149E0,1.387999975E-3,-8.093000203E-2,-1.150320023E-1,1.406554419E-1
4.510362534E0,-8.471000008E-3,-8.313400298E-2,-1.271480024E-1,1.521500404E-1
4.515373689E0,5.890000029E-4,-9.198699892E-2,-1.062450036E-1,1.405345356E-1
4.520385072E0,-9.247000329E-3,-9.576299787E-2,-8.803500235E-2,1.304079001E-1
4.525396457E0,-4.739999771E-3,-1.060540006E-1,-5.370499939E-2,1.189711965E-1
4.530407856E0,-2.099999983E-4,-9.697099775E-2,-1.480900031E-2,9.809548917E-2
4.535419241E0,4.354000092E-3,-9.988400340E-2,-1.177799981E-2,1.006702177E-1
4.540430579E0,2.280200087E-2,-9.583699703E-2,-8.492999710E-3,9.887766324E-2
4.545441961E0,2.918400057E-2,-9.665899724E-2,-3.340000112E-4,1.009691992E-1
4.550453351E0,2.154299989E-2,-9.521800280E-2,5.524000153E-3,9.778079299E-2
4.555464736E0,2.570999973E-2,-9.416200221E-2,-9.771999903E-3,9.809678245E-2
4.560475891E0,2.269100025E-2,-9.562200308E-2,-1.298699994E-2,9.913178669E-2
4.565487293E0,1.741299964E-2,-7.839400321E-2,-2.056900039E-2,8.289702090E-2
4.570498678E0,1.680500060E-2,-6.173900142E-2,-3.716799989E-2,7.399711182E-2
4.575510062E0,1.380900014E-2,-4.096399993E-2,-5.792300031E-2,7.227594164E-2
4.580521442E0,3.871999914E-3,-2.281099930E-2,-6.412699819E-2,6.817335234E-2
4.585532827E0,-3.575999988E-3,-2.607600018E-2,-6.566599756E-2,7.074439057E-2
4.590544211E0,-6.151000038E-3,-5.493999925E-3,-5.517100170E-2,5.578403235E-2
4.595555592E0,-1.559500024E-2,7.559999940E-4,-5.191100016E-2,5.420818671E-2
4.600566902E0,-3.173999861E-2,-1.660300046E-2,-5.139299855E-2,6.264445255E-2
4.605578268E0,-3.572599962E-2,-1.930000074E-2,-3.443399817E-2,5.324037291E-2
4.610589653E0,-4.649699852E-2,-2.688900009E-2,-4.852100089E-2,7.238284828E-2
4.615601033E0,-4.525399953E-2,-3.930599988E-2,-6.735800207E-2,9.016643800E-2
4.620612418E0,-3.932600096E-2,-5.419800058E-2,-8.610799909E-2,1.090804525E-1
4.625623803E0,-3.584700078E-2,-7.820700109E-2,-8.853299916E-2,1.234481042E-1
4.630634959E0,-2.087100036E-2,-9.951800108E-2,-9.598699957E-2,1.398318107E-1
4.635646341E0,-1.094199996E-2,-1.227760017E-1,-9.905199707E-2,1.581296053E-1
4.640657726E0,-5.940999836E-3,-1.219300032E-1,-9.030500054E-2,1.518460216E-1
4.645669110E0,1.291100029E-2,-1.303489953E-1,-8.419100195E-2,1.557102415E-1
4.650680495E0,2.665900066E-2,-1.313139945E-1,-6.873399764E-2,1.505935919E-1
4.655691880E0,3.305900097E-2,-1.390369982E-1,-4.169400036E-2,1.488709981E-1
4.660703189E0,2.071500011E-2,-1.395699978E-1,-3.145400062E-2,1.445622692E-1
4.665714576E0,1.579499990E-2,-1.285219938E-1,-3.762400150E-2,1.348441708E-1
4.670725961E0,4.120999947E-3,-1.248200014E-1,-3.171300143E-2,1.288515807E-1
4.675737345E0,-1.876799949E-2,-1.070450023E-1,-2.560699917E-2,1.116538791E-1
4.680748496E0,-3.171399981E-2,-8.751299977E-2,-3.568499908E-2,9.968812403E-2
4.685759879E0,-4.425799847E-2,-6.579300016E-2,-2.168099955E-2,8.220434928E-2
4.690771490E0,-6.337399781E-2,-3.776500002E-2,-4.041200131E-2,8.411651844E-2
4.695782646E0,-6.796800345E-2,-1.739799976E-2,-4.673900083E-2,8.430227807E-2
4.700794029E0,-7.955399901E-2,-3.065400012E-2,-6.492999941E-2,1.071653456E-1
4.705805398E0,-8.178400248E-2,-3.727599978E-2,-1.041179970E-1,1.375451945E-1
4.710816783E0,-8.900400251E-2,-4.926300049E-2,-1.475230008E-1,1.791970744E-1
4.715828088E0,-7.788699865E-2,-5.919500068E-2,-1.809560061E-1,2.057073377E-1
4.720839470E0,-6.990300119E-2,-6.188400090E-2,-1.808750033E-1,2.035480925E-1
4.725850855E0,-4.616000131E-2,-6.891100109E-2,-1.595869958E-1,1.798540548E-1
4.730862210E0,-2.790799923E-2,-5.898100138E-2,-1.408179998E-1,1.552009150E-1
4.735873595E0,-7.782000117E-3,-5.108499900E-2,-1.055879965E-1,1.175545051E-1
4.740884722E0,4.929999821E-3,-5.703999847E-2,-8.038800210E-2,9.869193080E-2
4.745896105E0,5.789000075E-3,-6.245699897E-2,-4.613700137E-2,7.786534619E-2
4.750907494E0,1.163499989E-2,-7.445199788E-2,-1.726300083E-2,7.730772541E-2
4.755918879E0,-3.422999987E-3,-7.657899708E-2,4.085999914E-3,7.676428282E-2
4.760930263E0,3.090000013E-3,-6.933899969E-2,6.486999802E-3,6.971030157E-2
4.765941629E0,-1.964000054E-3,-6.227400154E-2,9.015000425E-3,6.295378302E-2
4.770953014E0,-2.111000009E-3,-6.033800170E-2,-2.499999944E-3,6.042665612E-2
4.775964323E0,-9.015999734E-3,-5.630100146E-2,-1.617199928E-2,5.926739894E-2
4.780975701E0,-2.951099910E-2,-6.449700147E-2,-3.684199974E-2,7.992556044E-2
4.785987086E0,-5.159899965E-2,-6.149199978E-2,-8.318399638E-2,1.155997407E-1
4.790998465E0,-4.510100186E-2,-6.795399636E-2,-8.653900027E-2,1.189152831E-1
4.796009621E0,-4.580700025E-2,-6.721500307E-2,-8.991199732E-2,1.212448150E-1
4.801020999E0,-3.018699959E-2,-7.121200114E-2,-1.004709974E-1,1.267944217E-1
4.806032383E0,-4.287699983E-2,-7.254300267E-2,-9.457600117E-2,1.266710083E-1
4.811043763E0,-2.961800061E-2,-5.466499925E-2,-8.392400295E-2,1.044448485E-1
4.816055148E0,-2.378300019E-2,-4.386400059E-2,-7.812699676E-2,9.270118267E-2
4.821066532E0,-1.116400026E-2,-3.045799956E-2,-6.292500347E-2,7.079463751E-2
4.826077912E0,-1.290199999E-2,-1.465999987E-2,-5.490000173E-2,5.826995272E-2
4.831089222E0,-3.019999946E-3,-1.076299977E-2,-5.647499859E-2,5.757072198E-2
4.836100604E0,-4.720000143E-4,4.842000082E-3,-6.257399917E-2,6.276283232E-2
4.841111989E0,4.153000191E-3,1.073999982E-2,-6.612099707E-2,6.711617734E-2
4.846123145E0,3.920000046E-3,4.571999889E-3,-8.152800053E-2,8.175013428E-2
4.851134758E0,1.525100041E-2,1.485200040E-2,-9.421300143E-2,9.658811815E-2
4.856145914E0,2.859999985E-2,1.602999982E-3,-8.331400156E-2,8.810080849E-2
4.861157297E0,2.524900064E-2,-1.994000049E-3,-8.446100354E-2,8.817680641E-2
4.866168681E0,2.427599952E-2,-1.751100086E-2,-9.761299938E-2,1.020992505E-1
4.871180066E0,-2.155000111E-3,-2.143500000E-2,-1.224580035E-1,1.243385132E-1
4.876191436E0,-1.380600035E-2,-2.734399959E-2,-1.070559993E-1,1.113520855E-1
4.881202746E0,-2.756500058E-2,-4.285699874E-2,-1.299339980E-1,1.395686047E-1
4.886214134E0,-5.028500035E-2,-5.990099907E-2,-9.387499839E-2,1.221852130E-1
4.891225518E0,-6.306599826E-2,-8.743800223E-2,-3.054800071E-2,1.120531335E-1
4.896236693E0,-6.874299794E-2,-1.006549969E-1,-4.135699943E-2,1.287145274E-1
4.901248076E0,-3.956000134E-2,-9.985300153E-2,-6.849300116E-2,1.273848768E-1
4.906259681E0,-2.012999961E-3,-1.104910001E-1,-5.294200033E-2,1.225363973E-1
4.911271068E0,1.813000068E-2,-1.178679988E-1,-7.048999891E-3,1.194623391E-1
4.916282222E0,2.611700073E-2,-1.183039993E-1,-2.312799916E-2,1.233403353E-1
4.921293623E0,2.678599954E-2,-1.170940027E-1,-6.719099730E-2,1.376340269E-1
4.926305008E0,6.492000073E-3,-1.187279969E-1,-1.013059989E-1,1.562094387E-1
4.931316347E0,6.880000001E-4,-1.020819992E-1,-1.465730071E-1,1.786192999E-1
4.936327729E0,-1.654200070E-2,-9.556899965E-2,-1.817830056E-1,2.060391531E-1
4.941339119E0,-2.613900043E-2,-8.193299919E-2,-1.810909957E-1,2.004749670E-1
4.946350504E0,-3.293899819E-2,-7.033199817E-2,-1.568520069E-1,1.750260542E-1
4.951361878E0,-4.865799844E-2,-5.357600003E-2,-1.258479953E-1,1.451747447E-1
4.956373034E0,-3.819600120E-2,-3.438099846E-2,-1.092329994E-1,1.207180008E-1
4.961384417E0,-6.047699973E-2,-3.319099918E-2,-3.874399886E-2,7.912147224E-2
4.966395811E0,-4.028600082E-2,-2.479499951E-2,-3.043700010E-2,5.625090966E-2
4.971407196E0,-3.222699836E-2,-2.380499989E-2,-3.625300154E-2,5.403274529E-2
4.976418591E0,-4.053400084E-2,-3.929800168E-2,-2.561200038E-2,6.199445720E-2
4.981429975E0,-3.454799950E-2,-5.454999954E-2,-1.758700050E-2,6.692211373E-2
4.986441300E0,-2.403499931E-2,-7.202500105E-2,-1.448199991E-2,7.729819073E-2
4.991452683E0,-1.617500000E-2,-1.032989994E-1,4.861999769E-3,1.046706881E-1
4.996464067E0,-3.784999950E-3,-1.172669977E-1,4.524200037E-2,1.257486126E-1
5.001475457E0,3.732000012E-3,-1.313840002E-1,4.030900076E-2,1.374790852E-1
5.006486841E0,2.040700056E-2,-1.385100037E-1,3.080900013E-2,1.433550183E-1
5.011497997E0,7.331799716E-2,-1.489219964E-1,-3.344169855E-1,3.733470368E-1
5.016509399E0,2.553640008E-1,-7.541400194E-2,-4.745070040E-1,5.441093102E-1
5.021520784E0,1.529899985E-2,-9.535399824E-2,-5.982099846E-2,1.136001595E-1
5.026532168E0,-3.458800167E-2,-1.112129986E-1,5.642800033E-2,1.294170783E-1
5.031543568E0,1.166099962E-2,-1.111399978E-1,2.050199918E-2,1.136151839E-1
5.036554878E0,9.828000329E-3,-8.629900217E-2,-4.263300076E-2,9.675577564E-2
5.041566269E0,-1.084499992E-2,-4.870299995E-2,-1.018820032E-1,1.134439898E-1
5.046577654E0,-4.754199833E-2,-2.923100069E-2,-1.694619954E-1,1.784154166E-1
5.051589115E0,-5.329899862E-2,-5.030000117E-3,-1.627919972E-1,1.713689543E-1
5.056600425E0,-8.015300333E-2,9.510000236E-4,-1.139699966E-1,1.393361707E-1
5.061611823E0,-1.063529998E-1,7.933000103E-3,-4.701900110E-2,1.165533334E-1
5.066622979E0,-1.412259936E-1,-1.918200031E-2,3.967199847E-2,1.479411974E-1
5.071634346E0,-1.288560033E-1,-2.907400019E-2,6.614899635E-2,1.477323823E-1
5.076645731E0,-8.461400121E-2,-2.486800030E-2,5.713399872E-2,1.050820653E-1
5.081657041E0,-9.220999666E-3,-6.287000142E-3,7.943200320E-2,8.021219569E-2
5.086668428E0,7.560399920E-2,1.469899993E-2,1.043490022E-1,1.296947939E-1
5.091679813E0,1.909140050E-1,4.614600167E-2,2.028920054E-1,2.823876355E-1
5.096691197E0,2.845659852E-1,3.501899913E-2,2.413890064E-1,3.747969886E-1
5.101702596E0,3.104870021E-1,-8.049199730E-2,2.025409937E-1,3.793467994E-1
5.106713981E0,8.214300126E-2,-2.542789876E-1,-1.320900023E-2,2.675439289E-1
5.111725366E0,-2.787600085E-2,-2.290540040E-1,-1.149440035E-1,2.577885414E-1
5.116736512E0,-1.608300023E-2,-1.573999971E-1,-1.506959945E-1,2.185010406E-1
5.121747895E0,-4.432000220E-3,-1.098930016E-1,-1.407590061E-1,1.786314985E-1
5.126759274E0,-1.149099972E-2,-7.916399837E-2,-1.236630008E-1,1.472804110E-1
5.131770659E0,-4.474999849E-3,-6.293600053E-2,-1.255449951E-1,1.405080481E-1
